Rad21,ctcf
13831,4772.727272727272
14207,9044.55445544554
11451,10369.001919385792
77144,14046.35761589404
292,1294.5205479452054
556,1300.45871559633
16574,9177.631578947365
12916,5291.338582677168
37527,8437.500000000007
16639,6171.630094043882
5626,2999.9999999999923
61507,10106.951871657751
34169,10500.000000000007
563,2591.772151898727
269,792.3018292682929
9621,12183.08823529412
14493,3530.172413793107
20470,9187.499999999996
50403,10446.96969696969
1095,1001.4450867052018
4873,3180.288461538463
46039,11411.676646706592
16566,5414.0625
29967,8361.11111111111
43739,7875.0
66772,11714.0625
29622,8344.043887147336
10918,5588.709677419349
15523,6039.379474940338
7541,2953.125
32488,8014.243614931244
13417,4915.086206896546
19401,7457.386363636372
8670,2303.3596837944738
625,807.6923076923078
3911,2751.213056903404
3502,3700.819672131141
19507,3134.7087378640745
8495,6458.333333333333
1813,1544.1176470588234
14574,3126.1814744801445
32993,8712.765957446807
29556,7269.230769230776
23969,7532.608695652168
21466,12554.34782608695
37516,10407.079646017692
58778,13588.23529411765
37598,11905.737704918032
26716,10258.223684210525
43078,10080.0
24363,7022.292993630573
20936,7723.557692307686
28798,7532.608695652168
62168,12303.191489361694
2799,1397.177419354838
30276,8488.636363636364
12003,4442.307692307691
20812,5615.217391304351
30980,6096.774193548381
8961,1665.8653846153884
54244,11539.062500000002
38038,11812.5
38582,7639.925373134334
20380,11261.658031088078
14831,1544.1176470588232
1269,1676.8060836501872
362,9289.356984478934
116,787.5000000000001
37976,7957.894736842108
11666,4500.000000000005
702,1431.8181818181815
57295,11812.5
1790,1046.9653179190757
40924,6582.0895522388055
49990,10789.370078740158
57540,10480.48327137546
2078,1401.6393442622953
40826,6975.000000000004
12403,4957.17131474104
28078,8344.043887147336
638,824.1279069767436
16298,2885.496183206106
8870,4536.684782608702
19150,6671.397379912665
23882,10654.41176470588
1799,2723.684210526321
13986,8134.951456310679
4493,1804.6874999999952
29227,9460.750853242316
30511,11676.276771004945
7745,2916.666666666664
28257,7875.0
4480,7875.0
18762,5624.999999999997
16878,6226.744186046505
11875,6769.736842105268
1201,1601.694915254233
16354,5938.524590163936
23996,6409.88372093024
3699,2145.652173913043
297,2714.727272727267
33554,10730.769230769223
52160,10641.891891891895
4029,2009.2592592592537
20564,6523.66863905326
14725,6942.434210526323
5225,3323.863636363636
27241,9916.666666666672
6980,8023.584905660379
17792,7222.3756906077315
30183,6990.641711229943
43908,9889.534883720931
2886,3727.0992366412247
16085,8061.233108108103
10205,5127.906976744182
16652,5585.463258785943
4079,4625.87412587413
24872,7343.84164222874
9287,4632.3529411764775
435,3013.043478260869
4278,1340.4255319148936
4404,6579.113924050636
4234,954.1382252559728
18792,5173.913043478256
1487,834.4370860927148
5484,2967.391304347822
2495,2957.142857142852
30962,8999.999999999993
39170,12464.028776978415
22799,4464.56692913386
324,2036.1216730038027
9695,3297.833935018056
40453,9896.551724137931
18268,8330.299785867244
10554,2618.5819070904563
6752,2312.937062937065
32824,8384.03041825095
8897,2217.509025270761
17371,9031.99052132701
3431,1150.6849315068494
712,984.375
8536,2604.330708661411
27105,9749.999999999998
672,1986.4864864864849
7568,2021.3903743315536
28415,10457.66129032258
4941,6562.500000000005
14183,8195.12195121952
318,7630.434782608695
21509,7990.24390243903
28597,6906.151419558362
10675,1857.3113207547208
5619,2936.4406779661063
12488,2214.8437500000005
290,828.9473684210521
24665,9551.020408163262
14823,9348.387096774191
20431,5553.947368421046
6343,3592.1052631578877
58154,8806.451612903233
64822,11408.65384615384
13673,2925.000000000004
665,863.013698630137
5916,1813.636363636361
15247,6656.250000000006
9368,1847.507331378303
23637,8338.235294117641
63948,13195.945945945949
2005,2095.766129032253
13064,7671.58671586715
7160,3173.5074626865694
7075,3655.0632911392377
13714,8205.41958041958
14645,10349.999999999996
20436,6385.1351351351295
17108,4182.572614107889
2678,1566.7539267015702
10831,7314.853556485362
19164,12685.669456066946
1457,2615.7243816254404
9383,2222.972972972971
4779,3278.810408921933
16762,6895.725388601033
3342,1291.4999999999998
11105,3414.335664335668
8382,8365.384615384613
8247,2328.793774319061
1955,961.8320610687018
9101,10730.769230769223
17397,8942.796610169498
1854,2887.4999999999945
2944,1909.0909090909056
18145,10367.47572815534
32222,8217.391304347833
44580,8295.000000000004
33451,11509.615384615388
18538,2964.2857142857088
25745,9175.233644859807
45886,8671.348314606741
19089,4318.548387096777
11412,4167.0403587443925
997,1211.5384615384614
32935,7265.238879736404
18115,6781.250000000007
6937,883.6633663366337
2823,1676.8060836501872
22817,10418.47826086957
18587,9450.0
4160,1601.694915254233
54400,11812.5
58990,10083.841463414628
25020,7973.4375
26645,8925.000000000005
41939,10265.175718849849
43054,10500.000000000004
6389,2999.9999999999923
12912,10301.886792452824
7483,2489.100817438699
41767,8134.615384615392
29753,6589.54041204438
23295,7192.196531791914
34257,9648.648648648654
18283,4232.8125
5379,3088.834951456311
22414,7843.873517786565
5049,1832.082551594741
32338,9099.264705882357
26458,9183.53474320242
11107,11418.032786885253
42803,10121.757925072045
15011,4156.250000000003
15700,7388.181818181816
5046,2031.449044585984
8806,2590.460526315785
6691,3249.9999999999945
2363,4582.627118644065
2086,1868.6440677966075
26204,7411.764705882358
39983,10822.36842105264
14656,4846.153846153851
1201,957.77027027027
13330,4356.382978723404
28546,4356.382978723404
40282,11645.45454545454
32710,8062.500000000001
12977,2995.677233429391
5984,1936.0465116279047
2277,1300.45871559633
1070,1254.4247787610614
17525,5871.045392022006
648,1424.4186046511627
14470,12163.36633663366
402,787.5000000000001
21147,7275.815217391298
3474,2362.5
48108,10714.833759590794
1668,1215.4340836012866
50630,10709.999999999998
13092,8523.529411764703
56578,12468.750000000004
29415,6473.300970873792
27347,10738.636363636366
14106,9362.499999999993
6123,5901.639344262302
36315,9907.258064516129
16228,6611.111111111109
479,3294.412607449861
45530,9785.50295857988
54194,12014.423076923078
5923,9078.8920056101
4648,4614.649681528656
29567,8437.500000000005
44475,12997.572815533982
16422,8835.365853658543
72365,10388.29787234042
8481,10772.727272727274
36805,10639.07284768212
28501,9356.435643564357
26697,8498.20143884892
512,1014.5705521472388
41160,14284.883720930226
45169,10058.823529411766
52134,8129.032258064522
27879,7560.0
17319,10478.571428571437
4204,4080.6818181818167
3344,837.7659574468082
10081,2979.729729729727
14699,9109.979633401226
8783,5604.294478527611
8072,4921.875
19117,4691.489361702129
16689,4390.664961636829
18237,9950.980392156856
38492,11688.679245283016
23912,7464.13043478261
13986,12651.639344262292
14720,7840.369393139838
28493,6078.947368421057
10308,9905.660377358492
205,3499.9999999999964
20782,10141.30434782608
7874,3864.130434782604
39607,8971.874999999998
26477,5781.6455696202565
15434,2470.588235294114
34070,9348.02158273381
46200,10874.99999999999
14980,4353.2608695652125
45057,10738.636363636366
5438,3088.2352941176464
2863,2377.3584905660364
24873,6485.29411764706
43120,10328.431372549025
257,1384.3283582089553
357,1223.300970873787
5814,4120.639534883718
18059,4875.000000000007
25264,8809.322033898305
24792,3686.170212765952
17186,4781.250000000006
25380,12028.846153846156
14463,4114.466292134835
16689,4865.85365853658
40889,10250.000000000004
50084,10571.91780821918
39849,9772.590361445777
46231,9711.462450592886
4552,2213.5135135135206
52341,9469.936708860758
43628,9413.793103448268
4149,2041.666666666672
5545,1687.4999999999975
1004,807.692307692308
9567,9792.496171516086
15150,3510.000000000002
14825,3923.076923076922
36868,9291.841004184103
16434,4746.575342465759
12533,5640.202702702701
31736,6844.240837696341
1601,1309.5898004434596
39454,12044.117647058822
7415,2863.6363636363662
2382,1461.3402061855672
20468,3656.8965517241377
41446,9966.796875
1988,1124.9999999999995
15621,4714.968152866245
5299,1469.999999999999
7237,4131.147540983604
39197,11025.0
9273,5451.923076923075
31181,7545.348837209294
60290,11340.0
1440,800.847457627118
33754,10007.09606986899
37914,8289.473684210523
303,1355.3412462908009
25176,6622.159090909084
9545,8156.250000000003
42189,10667.330677290827
40002,9268.269230769223
45873,10710.0
3920,1057.835820895522
17824,7875.0
31525,8016.129032258072
50199,8692.622950819674
55401,10654.41176470588
3228,1744.830132939432
18824,4899.999999999998
15803,7744.061757719716
28565,6282.051282051284
54119,11134.88372093024
12138,7454.198473282448
58725,11145.127118644072
3451,3445.3125
3740,4347.2850678732975
49361,12126.106194690268
10589,7457.386363636372
16172,3274.0700218818324
13079,3923.076923076922
8530,2222.972972972971
2794,1949.709864603485
33930,10823.459715639803
19455,8934.210526315788
32137,8367.1875
1020,807.692307692308
3396,2410.227272727272
23968,7575.949367088607
9293,1876.0387811634312
43740,10772.405660377352
35681,8550.000000000004
10141,6948.529411764703
24804,4225.609756097557
42861,8708.823529411762
26416,9288.461538461544
949,1025.0
11419,6724.315068493143
29079,10500.000000000004
17252,6133.413461538463
56971,11462.041884816748
24389,9450.0
2764,1243.4210526315785
866,6022.058823529418
16248,5249.9999999999945
21611,5353.096676737163
7613,5482.04419889502
130,787.5000000000001
4082,1161.8852459016396
21858,7102.941176470592
5144,2476.8145161290317
51258,9696.61921708185
35335,9987.804878048786
13074,5583.333333333326
14401,4358.490566037741
23188,6934.426229508199
5159,1473.0215827338127
353,807.6923076923078
28890,9124.999999999996
38064,7607.547169811316
7489,2520.0
51801,13432.274247491634
36098,10335.9375
47422,8875.182481751832
13669,6304.216867469877
23992,11148.876404494384
32029,7372.340425531918
5607,4789.473684210527
41235,10937.499999999996
24517,7119.195046439632
5941,2105.61497326204
37175,12041.424418604647
22897,11849.999999999996
36307,10028.84615384616
8159,4700.892857142857
25037,9633.495145631065
14614,5414.0625
36704,10526.582278481015
16228,5175.000000000006
297,793.1654676258988
13636,5820.652173913038
15505,9947.368421052632
1159,1227.272727272727
24223,11720.93023255814
33165,9079.41176470588
37828,11312.355658198614
1589,1465.1162790697674
30320,8194.649446494457
40543,9100.446428571437
17524,6283.678756476682
17603,6975.000000000004
6772,2901.3157894736764
32815,10117.549668874177
4913,2377.3584905660364
22477,11029.069767441868
7708,7031.2499999999945
44947,12514.188422247453
4707,4660.714285714289
29565,11906.250000000002
44564,6684.146341463415
545,955.9248554913294
12481,7921.052631578945
37146,10569.078947368414
8404,8946.745562130185
22159,7437.499999999995
1347,4452.8795811518285
54408,9408.069883527462
10938,4401.369863013706
14779,4921.875
20877,3821.311475409834
29533,12497.282608695648
11955,2958.563535911597
3083,2967.391304347822
1598,2739.130434782611
3314,1858.819796954316
44188,10399.038461538456
49563,9556.930693069313
1159,1396.5517241379316
19413,9821.2927756654
41478,9885.638297872338
29853,11312.63919821826
3951,2544.8833034111344
17205,3449.6681415929143
5060,2454.545454545457
16423,5976.92307692307
33174,8989.0243902439
27221,12140.624999999996
23780,7744.061757719717
59139,11685.483870967746
23840,8665.048543689325
6811,2441.2500000000005
7091,2877.6508972267607
6358,2863.6363636363667
11994,2227.0017035775127
1340,821.629213483146
38520,11812.500000000002
26458,7525.969529085866
9121,7312.499999999995
26163,6011.450381679387
13837,3365.3846153846207
10422,3351.0638297872424
38020,6113.207547169805
26671,9092.465753424653
36104,8940.133037694017
38586,11274.590163934425
1266,2410.227272727272
47641,10730.769230769223
628,918.5248713550598
21163,11396.984924623112
11299,3965.558194774355
7977,1001.4450867052018
7469,6072.289156626508
6229,4706.17529880478
11967,4269.999999999999
18808,6611.1111111111095
32068,11047.183098591544
40972,11208.588957055208
20978,10785.326086956518
15472,2990.506329113924
17781,5721.618953603164
35751,9386.004514672692
24292,6451.634877384201
5024,6575.242718446605
60469,12886.363636363634
8624,1260.0
19974,9527.777777777774
10457,7577.830188679243
6379,2031.5217391304377
377,880.1470588235298
31315,11459.216965742247
9307,6447.65625
46477,11143.053016453388
15568,6039.379474940338
20617,10232.018561484923
40519,8898.75
3639,3028.8461538461497
21348,4227.0220588235225
22049,4424.15730337078
24204,8501.204819277105
52887,10158.932714617164
44372,9636.075949367088
32089,5519.230769230763
2653,2091.796875
2161,807.6923076923078
2146,2085.6164383561654
23533,4073.275862068959
7718,5983.455882352945
675,894.8863636363634
54042,11576.923076923076
5637,3242.076923076925
18427,2979.7297297297264
997,1157.1428571428569
9985,2999.9999999999923
1210,942.9611650485438
1125,1480.2631578947364
2127,1652.097902097904
12569,9389.423076923074
9978,2734.7266881028872
17037,4603.846153846149
706,828.9473684210521
10026,3937.5
16105,4522.2772277227705
44070,6863.532110091735
22037,11203.60824742268
2599,4087.025316455697
15247,6562.500000000005
4274,2274.064171122996
1680,8122.641509433969
8767,6250.000000000003
47969,8000.000000000001
28941,5040.0
21036,9386.00451467269
24938,8273.346303501941
32619,6769.736842105266
41930,9395.922746781112
11497,9857.913669064756
19424,10597.222222222215
1456,1316.417910447761
9706,4260.245901639351
55772,10837.155963302755
1460,2268.2555780933
200,841.3461538461536
13532,8259.640102827761
23139,6999.999999999993
3542,2739.130434782611
41561,10540.384615384612
4662,2901.315789473676
33860,9450.0
786,1406.2500000000002
15469,3733.069977426636
601,1332.0895522388057
4898,4581.818181818183
16250,8241.935483870975
12300,2949.6466431095428
13855,3573.529411764706
14298,7875.0
36725,8129.032258064522
15631,3349.13793103449
2696,1583.3333333333408
33945,6443.181818181817
19192,11941.05199516324
33412,8180.23255813953
61755,13372.641509433965
8178,3262.4999999999973
39940,12271.875000000007
1260,807.692307692308
315,1167.7756653992394
21555,8779.78723404255
29292,12886.363636363634
43434,10076.086956521738
14957,7312.499999999996
27882,7460.526315789476
30398,10230.769230769238
380,887.323943661972
23957,9099.264705882357
12789,5271.694214876035
12480,4912.844036697245
6587,2591.772151898727
30622,10631.25
11878,3590.673575129534
9081,6433.098591549294
10004,5989.43661971831
962,2019.230769230766
42763,10295.454545454551
3511,1968.75
34657,7325.5813953488305
26044,9413.79310344827
25887,5572.481572481576
2001,1181.25
2940,1932.5153374233053
10098,6291.666666666659
4125,3561.557788944729
4753,902.578796561605
5146,7264.964788732398
38510,10768.82530120482
24984,6942.434210526323
14991,8357.142857142855
3780,2838.6627906976764
28396,12533.156498673736
6737,2720.45454545455
15020,7735.207100591721
53916,10090.909090909096
7007,1309.5898004434598
47858,10373.798076923074
2465,813.3802816901407
16663,9362.499999999993
53762,10631.25
45128,11456.36942675159
44225,11531.578947368414
2928,1324.7663551401872
1203,1260.0
15250,5941.281138790031
13603,4407.11009174312
31053,5509.717314487626
6539,9170.886075949364
1179,1112.5827814569536
24862,8965.384615384612
26923,8994.078947368416
6312,3530.172413793108
19589,5985.000000000001
42581,10729.6875
8452,1932.5153374233053
20970,7119.318181818181
43396,9079.41176470588
3167,1968.75
19356,6610.103626942998
16864,6523.66863905326
11185,5833.3333333333285
22146,6985.355648535557
568,1260.0
29346,11834.254143646403
15246,6567.137809187271
24885,7372.340425531919
576,807.692307692308
11002,3538.043478260865
15031,3955.479452054803
1430,2660.472972972974
6639,3490.056818181816
305,1078.7671232876712
837,1000.0
361,907.068062827225
25423,9029.390420899865
51881,14423.684210526308
17825,2999.9999999999923
4920,1796.0526315789436
28147,10729.6875
6910,5101.630434782611
52932,11931.81818181819
32065,10832.278481012663
3691,1349.9999999999998
30683,8816.576086956518
27148,10146.067415730337
2016,2081.2499999999977
3414,1406.2500000000002
35964,10339.694656488557
22103,11502.80898876404
917,1648.255813953493
18255,10519.589552238804
25673,8683.78378378378
30335,8069.444444444449
11447,5188.235294117641
9167,2040.155440414513
3702,1821.891891891897
376,1226.047904191617
11382,12270.34883720931
40026,9216.15720524018
2502,2143.9790575916268
20585,7769.999999999994
4047,6591.666666666674
3838,1263.888888888889
814,2063.3187772925758
24638,6385.1351351351295
31021,9086.538461538465
4644,2226.439790575922
41678,6863.12849162011
856,1318.60465116279
34782,6600.297914597818
965,3748.3624454148494
20710,3355.6701030927798
11398,3100.393700787396
14775,5487.0967741935565
29548,5009.312320916903
7622,6400.8620689655245
13439,3656.896551724138
1613,832.3170731707323
12589,7875.0
36028,9831.210191082804
966,1676.806083650187
45731,8697.215777262183
40024,6096.774193548381
28761,8238.461538461537
3047,2779.41176470588
29046,6750.000000000007
6394,2357.375271149682
14609,8042.553191489355
4359,2423.0769230769256
7911,1852.9411764705817
4779,1954.379562043797
25159,9978.26086956521
3304,1546.012269938651
42504,8794.416243654829
30169,8357.142857142855
2656,2468.9189189189224
2209,2337.328767123284
4838,1491.1242603550286
6263,1852.9411764705817
28486,8626.556016597518
32773,10960.051546391756
49169,10183.189655172417
23226,3579.54545454545
42457,8559.782608695648
39443,7679.104477611933
15276,3536.842105263159
15749,9898.089171974512
5821,951.9230769230765
46749,11426.470588235286
5248,1591.4634146341402
18147,3937.5
3905,1677.966101694918
1221,1762.237762237764
52878,10713.197969543144
40258,6016.423357664228
56798,8750.000000000007
35242,7504.411764705879
20517,8875.182481751832
11698,4970.000000000006
5607,10850.000000000002
469,869.6319018404912
13999,7017.326732673275
706,932.242990654206
15482,5593.965517241371
3368,1475.5600814663944
23225,5540.858725761782
36372,10521.516393442624
35840,7650.000000000004
8435,2625.000000000005
12715,6311.371841155237
24980,11025.0
15965,10524.53271028038
8899,4235.593220338977
11542,7560.0
29874,8055.343511450379
42781,9068.181818181822
34829,11063.148788927345
28944,6990.641711229944
24204,5855.187319884725
45209,12210.674157303378
6911,3732.2274881516623
4131,1893.9873417721517
21901,7787.011173184356
30033,10903.846153846149
29509,7431.635388739952
40662,10808.823529411771
9627,3188.6503067484614
4162,2216.666666666671
2275,1011.4678899082564
10773,4243.523316062185
14843,4103.873239436619
20921,7922.155688622755
14706,2205.0
15537,7217.08860759494
1345,1639.2857142857106
5971,9019.823788546262
30476,9271.276595744686
18571,7437.499999999996
20928,9223.756906077346
31231,9638.059701492542
5438,3274.0700218818324
45538,10076.086956521736
9136,5510.330578512397
9918,3445.3124999999995
52917,13067.3076923077
512,881.5931108719054
35492,12265.909090909096
8127,10654.41176470588
44887,11793.83886255924
12222,10738.636363636366
8359,1936.475409836063
26061,4820.043103448282
1400,1016.1290322580652
13422,5966.573816155995
24534,9727.941176470582
11563,4424.157303370781
23244,13059.375000000004
25867,7979.304635761583
24289,5338.983050847463
38887,5361.702127659581
25370,5249.999999999995
20155,11996.4953271028
15986,5855.187319884725
13805,7387.168141592914
24933,8852.189781021902
26626,7992.537313432833
4549,5378.048780487799
34997,12020.780856423182
12023,5249.9999999999945
22350,9542.410714285725
34511,11124.535315985138
5502,2685.245901639352
35644,11108.443708609271
23817,9831.210191082804
15468,3541.86602870814
35635,9437.24696356276
2678,1675.531914893613
5872,1453.846153846154
1848,1294.5205479452054
11326,3157.51789976134
38318,8396.139705882359
12715,3156.128404669264
17018,5328.693790149886
12952,6991.463414634143
24881,9083.096590909085
43504,11226.92307692308
5607,2979.729729729727
44392,7058.689024390244
31781,10710.0
45653,8429.577464788736
786,1618.1506849315028
23081,12932.339449541289
13001,9916.666666666672
41974,11089.285714285712
35602,6948.529411764702
10280,6494.1780821917855
1370,800.8474576271179
12682,6391.304347826081
17824,5478.260869565221
35309,10339.694656488557
1651,1288.6363636363635
38476,9527.777777777774
6315,4706.470588235298
48802,11184.039087947884
31992,8437.500000000005
6623,1730.2816901408378
2120,1626.574307304791
4488,1847.507331378303
20577,7875.0
20817,10837.155963302755
29976,6279.850746268658
15748,7853.773584905655
574,1119.668246445497
37107,10967.465753424653
11749,6382.352941176476
37011,9953.124999999993
8089,6671.397379912665
12363,9049.342105263158
47780,9889.53488372093
13106,9139.598540145991
9653,3886.36363636364
25367,4282.894736842113
49711,9584.3023255814
697,1263.8888888888887
20634,7087.5
4355,4434.466019417469
32066,6678.994082840243
16072,11611.313868613142
42167,9852.7397260274
41047,6937.499999999993
26394,7744.061757719716
53942,10231.751824817513
40061,10807.180851063824
2314,1417.4999999999998
33903,10766.94915254238
22836,12118.876080691636
13102,4941.176470588228
41660,8703.947368421046
54019,9267.26519337017
4757,3593.959731543621
17922,3276.459854014599
1556,1852.9411764705817
3780,2010.6382978723395
10706,8086.6935483871
42250,12001.5
1243,2870.3271028037443
3900,1349.9999999999998
831,1538.3720930232562
46261,10693.99538106236
51200,10406.250000000004
11451,6056.675062972286
49954,10723.404255319145
12834,13247.663551401873
59618,7842.32365145229
15654,3117.1875000000045
2531,2895.739910313894
8261,3607.929515418496
27980,8845.890410958898
22013,5419.745958429558
27240,6247.206703910608
8387,4272.870662460572
6432,2386.363636363644
7044,3383.63171355499
1661,1047.4137931034484
9888,4941.176470588229
3078,3121.6216216216185
1277,1027.1739130434778
9006,3480.1699716713947
25898,8027.027027027032
20889,4347.285067873298
12466,11751.923076923074
15395,8419.090909090915
4517,1230.46875
8494,2677.5
3743,3888.888888888896
32052,8357.142857142855
6857,5923.076923076922
47281,7404.382470119528
8059,2941.2650602409603
49461,10426.056338028162
27093,7497.0
53737,9799.999999999998
1678,1610.7954545454502
1407,1607.142857142863
47769,12440.506329113923
8108,3748.36244541485
14647,7419.999999999999
13309,3028.8461538461497
8303,2298.444976076555
27439,8069.444444444449
6275,3214.2857142857106
34910,9523.916967509029
7011,2250.0000000000023
27979,5468.749999999996
2011,2993.801652892559
51359,7799.999999999995
15798,9407.432432432428
33136,5322.115384615385
246,2272.7848101265754
16461,7487.70491803279
38025,12166.167664670656
7545,3297.833935018056
43784,11703.125000000007
1998,1195.312499999999
7637,5466.17647058824
553,2250.0000000000023
9184,3238.0239520958016
413,825.3275109170302
19027,4522.2772277227705
8588,3181.818181818181
13071,4961.705202312139
1995,3211.985688729867
1404,918.7499999999994
1542,2060.12658227848
23175,6808.357348703175
19140,5784.722222222224
30567,5839.887640449446
25630,11161.417322834652
15747,6999.999999999993
4691,2073.843416370112
11925,3634.615384615389
27509,6913.636363636364
654,2333.333333333332
34845,6256.849315068497
19193,4169.117647058821
9211,6251.288659793808
10836,5798.076923076921
18884,5702.586206896545
38488,9282.319391634976
208,941.235059760956
28744,13650.000000000004
14969,6125.000000000002
23635,10500.000000000004
18423,3967.5572519084
11265,5585.463258785943
49423,11670.18072289157
5256,1183.526011560693
29295,10434.375000000002
28067,7810.714285714288
19455,7101.993865030675
3841,2937.8238341968845
40508,11634.422110552756
2971,9785.50295857988
26562,6481.1946902654845
17493,8705.69620253164
57733,13727.064220183487
35024,7571.052631578949
7534,3937.5
36885,11714.627151051627
34615,8238.461538461537
27089,7566.847826086961
40749,11134.88372093024
5401,9493.150684931505
124,1749.999999999998
24456,4433.646112600541
39309,11071.782178217822
1020,825.6880733944957
28346,7017.326732673275
50799,8523.529411764703
2522,2467.741935483877
8508,1876.0387811634316
19536,3499.9999999999964
6446,792.1597633136098
3752,2453.5175879397016
3514,2041.6666666666729
10026,4318.334735071487
46802,12949.999999999996
14448,3989.999999999995
38796,7875.0
38868,7716.44295302013
28875,7212.616822429909
29447,9873.134328358208
3586,2117.334905660379
19189,5690.322580645158
36950,11035.249457700653
18795,7875.0
9150,2791.806020066889
1094,1361.4406779661017
42219,9856.451612903224
37964,12629.032258064512
25653,11602.981651376143
43009,8723.076923076924
8687,3465.686274509797
874,1321.997105643995
17323,6072.289156626509
9044,2552.752293577983
16454,4875.000000000007
18959,5603.365384615389
5530,2074.59677419355
8905,3094.9208992506265
9279,3286.9565217391296
2868,1078.7671232876712
40516,5988.281249999995
167,810.6617647058821
16094,2491.0714285714216
19581,5378.0487804878
24103,8241.935483870975
24094,5334.22459893048
9299,1737.3417721518915
26411,9386.00451467269
29517,6601.1029411764775
3578,2907.1261682242925
46226,11025.0
9694,5324.999999999998
39056,9562.499999999996
14861,1874.9999999999995
37175,7813.476562499999
7154,2116.9354838709733
3655,12268.7165775401
38205,12270.34883720931
323,1544.1176470588234
24781,9348.02158273381
27843,7585.714285714279
44078,9624.999999999998
8789,4235.294117647058
24869,5196.537678207739
8289,1852.9411764705817
14768,7031.249999999994
29070,7185.937500000002
18689,12779.069767441866
8108,1936.1702127659532
44057,11004.36681222708
3194,3547.7815699658745
29395,5249.999999999995
25617,5702.586206896545
7714,3590.073529411761
25282,5678.571428571431
345,889.8305084745758
35142,8995.2229299363
9938,7394.817073170728
26722,6120.466321243522
17813,7980.000000000006
27070,8647.058823529407
40580,12854.032258064524
37721,8237.447698744765
845,787.5000000000001
5613,1539.4736842105256
30282,11834.254143646403
14680,5313.253012048185
1612,2446.601941747577
44875,9086.538461538465
14216,4429.6875
34432,7906.374501992032
7149,2845.1612903225864
18436,5291.338582677168
24012,10805.232558139536
32609,6552.0
2326,1819.7211155378532
29467,7087.499999999999
1554,889.8305084745759
41479,9575.77132486389
6388,2128.3783783783765
35654,13468.393327480242
6956,2848.404255319145
3457,1897.8873239436548
22139,8383.064516129032
2588,1732.5
5373,1172.8723404255325
1502,2853.658536585365
1231,1078.7671232876712
2795,1778.2258064516188
9318,1300.4587155963295
9467,3426.315789473688
4666,1837.5000000000052
26543,9958.520179372195
31791,5365.384615384621
15148,11505.319148936169
26533,7249.999999999996
13151,7068.89763779527
45777,10554.123711340204
27644,6985.355648535557
13968,4225.609756097558
26432,5990.384615384609
28350,10554.123711340204
14122,9571.823204419888
7437,5305.2631578947385
46414,12054.151624548742
27502,8665.662650602404
354,891.5094339622649
17039,11052.631578947365
32381,10806.05381165919
7912,1626.3586956521676
26049,9780.821917808224
435,821.0900473933641
36773,9977.98295454545
1578,1483.695652173912
20664,9975.819032761316
17894,5539.655172413786
28952,9348.02158273381
14439,5849.999999999993
5304,2994.296577946773
16875,4822.966507177035
28663,9303.701015965164
20443,5962.962962962954
28492,10271.739130434778
36007,9051.724137931036
4544,4157.360406091369
49894,8835.365853658543
21684,8444.680851063822
47234,8876.644736842103
30999,11374.999999999996
417,2250.000000000002
5621,3270.9109137782807
9249,4540.540540540536
17416,5979.946524064175
1920,1421.0526315789468
17750,10237.5
28860,11052.631578947365
866,828.9473684210521
19282,6902.2058823529405
21477,12685.669456066944
40280,8842.105263157897
9491,1648.255813953493
17573,12644.366197183102
23293,7094.192634560902
177,928.290766208252
7750,3666.666666666671
24741,4530.337078651682
34548,8501.204819277104
51474,9881.691648822269
5329,1300.4587155963295
2485,2051.470588235292
4605,2362.5
18779,5378.0487804878
25219,7607.547169811315
16518,8297.560975609756
8268,4077.4729520865535
38076,9156.976744186042
20197,4394.684325108845
43690,10892.523364485982
17564,6473.300970873791
24539,6402.439024390238
51127,7875.0
836,1223.300970873787
2501,2665.384615384611
45503,10766.6015625
21491,5985.0
7552,3962.264150943394
28973,8775.659824046923
5547,3423.91304347826
8763,3530.172413793107
27060,9125.536480686693
8774,1936.4754098360631
23106,9061.643835616444
24539,12303.191489361696
5304,1421.0526315789468
24771,7460.526315789477
3227,5354.2183622828825
6427,6637.499999999994
1280,1185.4838709677424
13342,9083.096590909085
35843,9639.632107023408
37624,8232.95454545455
44426,8685.436893203889
2974,1223.3009708737873
26458,11340.0
23871,7204.787234042547
30627,5553.947368421047
14432,3365.3846153846207
5232,2840.1639344262294
3575,1025.0000000000002
41213,10332.802547770703
50483,9884.164222873898
3431,2228.773584905658
20177,10102.796052631584
6160,5084.310189359788
56941,13039.53488372093
18961,11161.872705018355
35211,10258.223684210525
12264,3198.275862068968
2426,1114.6153846153852
49763,6843.38521400779
3236,2971.69811320755
18104,8826.086956521744
43994,10928.571428571428
17964,11666.666666666672
14963,9352.827763496138
26801,6471.534653465349
761,1804.687499999995
33967,9479.508196721315
29542,7842.32365145229
32752,9321.428571428578
954,956.7757009345798
1053,1064.1891891891896
6059,4038.461538461532
56136,9860.294117647056
24213,11132.876712328763
15410,3144.177449168207
10302,1924.563591022448
18226,5127.906976744183
20971,9419.117647058816
33201,8989.0243902439
30543,7331.896551724133
19156,5461.300309597525
9226,6194.999999999994
22940,5461.300309597524
12548,11186.07954545455
18542,6948.529411764702
5725,1504.4776119402984
2632,1328.313253012049
42882,10757.812499999996
50955,12941.082802547771
4481,3262.4999999999977
13519,5088.461538461537
4069,3937.5
35603,6963.157894736846
8496,2090.707964601764
21124,6255.3191489361725
18437,8424.418604651168
29864,8138.59832635983
33762,10197.115384615376
51557,9170.886075949364
9231,4725.0
5719,2714.7272727272675
30115,9638.059701492542
495,821.0900473933642
15517,10554.123711340204
31839,5540.858725761781
7049,4260.245901639351
26717,6523.66863905326
3673,2739.130434782611
26827,12183.08823529412
26388,8044.6153846153875
286,1110.5769230769226
37357,9187.499999999996
7226,4223.463687150845
2106,1152.4390243902442
941,1105.2631578947364
53154,9419.117647058816
14163,4765.682656826563
19387,5044.117647058826
1125,1161.8852459016396
1810,1987.864077669908
33148,7910.313901345295
14138,8195.12195121952
3979,2187.500000000002
192,2021.3903743315536
3728,3133.507853403144
22570,7718.543046357617
7032,1909.6875
20249,5146.0396039604
6476,3666.666666666671
267,837.7659574468082
2099,1421.0526315789468
26233,5721.428571428572
4997,3868.4210526315737
15463,11812.5
16104,4873.318385650217
10131,5146.0396039604
48938,9060.993975903611
841,2214.84375
17753,10973.906911142452
4168,3336.864406779661
1606,1894.209354120274
55798,12497.282608695648
19645,10144.06779661016
15855,5798.076923076921
2709,1713.5416666666622
19656,8238.461538461537
12985,3131.024096385549
24221,11014.70588235294
19650,6890.624999999999
1868,1536.5853658536587
20426,7566.8478260869615
3140,3889.83050847457
7843,4596.889952153111
5169,3896.9072164948434
9486,2531.2500000000045
8787,5313.253012048185
3786,1158.0882352941178
38097,8318.661971830985
53612,12485.193621867886
2170,1177.5700934579436
12153,7600.928074245938
9191,4909.600997506233
17130,6711.34020618556
3644,2725.9615384615377
44319,9725.40983606557
37536,8547.10144927536
462,821.629213483146
14157,9236.84210526316
6414,2489.224137931031
22653,10391.752577319592
66410,13039.53488372093
13980,9408.069883527462
4506,5862.107623318379
3595,2410.227272727272
31572,6075.0000000000055
21779,10766.94915254238
11267,3326.7326732673228
429,816.6666666666675
3122,1763.059701492542
3958,1544.1176470588232
1247,1640.625000000005
34499,7026.9230769230735
6805,3400.884955752212
23941,7366.935483870969
9019,1709.3023255813994
4879,9326.470588235294
1043,1361.6714697406348
12613,3686.170212765952
19434,5249.9999999999945
45527,10776.315789473678
15195,6251.288659793809
18512,6927.385892116189
4040,3258.620689655173
46439,13650.000000000004
22195,6975.000000000003
48993,9219.512195121955
39459,8613.28125
19388,5180.921052631585
43749,7070.564516129038
15432,7278.409090909088
292,1323.1707317073176
33131,9907.258064516129
376,794.7247706422021
7019,1583.3333333333403
5812,1804.6874999999948
33080,9450.0
18274,11761.693548387098
16766,6562.5000000000055
5628,8485.239852398532
632,1170.6081081081077
11394,2362.5
5540,3002.697841726611
14232,4849.57627118644
3240,831.9672131147544
17801,4162.995594713655
20607,9881.17870722433
12385,3602.017937219735
265,1276.0416666666663
18604,4914.0
46132,11738.207547169804
51722,11970.000000000002
25085,6928.388746803074
16960,3962.264150943394
11173,6400.862068965525
21630,5546.511627906973
3878,1813.6363636363608
29595,7918.269230769234
34447,6353.693181818184
29908,7185.483870967741
3023,2242.2813036020616
3322,1973.154362416114
29489,11837.579617834394
39758,11124.535315985138
9026,2953.1250000000005
17226,6451.807228915655
18354,4516.981132075477
26080,6315.989847715736
27609,11208.588957055206
12616,10780.748663101607
2244,3086.1486486486497
2406,813.3802816901407
31399,7952.970297029703
10637,9477.470930232565
5374,5173.357664233585
381,798.9130434782605
27370,7819.930069930077
32807,10396.551724137937
3722,1038.461538461538
42582,11462.041884816748
43927,9187.499999999996
490,1286.4644107351216
6782,2459.3023255813896
6778,3668.478260869564
14333,11352.27272727273
16996,9915.254237288138
10433,3176.470588235301
16275,4055.793991416311
18795,11738.207547169804
3937,1367.0886075949363
16370,6443.181818181816
3475,1834.9514563106789
280,1082.8125
36131,11671.875000000007
428,918.5248713550596
3018,884.2105263157897
34883,10653.183023872678
5483,2773.584905660384
7119,2250.0000000000023
54266,11221.875000000002
13644,6642.85714285714
9855,2612.5592417061634
6148,2717.496962332929
3976,3374.999999999995
19013,4269.578313253019
12024,3426.315789473688
720,2994.140625000005
5270,2264.705882352947
1354,2051.470588235292
18582,10969.844357976652
24411,7542.253521126765
9567,5915.492957746481
43288,9340.116279069774
38508,11169.642857142862
22613,6928.388746803073
31702,7622.519083969466
8537,2336.124401913881
9913,4096.412556053818
1932,2472.826086956516
16540,5011.363636363633
44565,12485.193621867886
1163,1365.6069364161845
13482,8459.999999999998
4074,787.5000000000001
9082,2322.5806451612834
20455,7312.499999999995
20151,10763.81909547739
757,2405.6962025316416
5265,1369.5652173913038
13343,5441.86046511628
8397,3716.292134831456
3959,1920.731707317071
25393,5116.242038216557
24747,12515.624999999998
9958,4433.646112600541
28283,6016.853932584264
16905,9071.691176470593
19447,11382.954545454548
9781,6793.57394366197
6121,5125.739644970422
30383,8015.624999999993
26213,5031.249999999993
65962,10447.394789579152
26531,8564.705882352948
10930,11025.0
38235,9427.419354838716
4715,2618.5819070904568
894,957.3529411764708
12009,5016.666666666674
29463,11585.336538461535
5076,3490.056818181816
622,1243.4210526315785
38458,8498.20143884892
23030,7481.250000000001
913,1485.849056603773
50168,9122.524752475245
1266,1137.4999999999998
1256,1137.4999999999998
47483,9594.827586206904
4062,3832.4999999999945
28801,8367.1875
3828,1492.1052631578957
18121,5434.210526315792
22496,11970.0
41819,12842.873831775709
6800,1211.5384615384612
4594,1633.817427385894
5286,3335.29411764706
33394,5249.9999999999945
32992,11946.226415094345
19700,7566.176470588233
435,1211.5384615384614
15576,3656.896551724137
5271,3732.6589595375694
31432,8250.000000000002
1054,888.4615384615383
11507,3868.421052631574
41756,10649.999999999996
4146,1702.7027027027011
9128,2520.0
45139,8994.078947368416
38463,8565.789473684212
2244,887.323943661972
15212,6794.117647058825
54514,10822.625698324026
5797,2625.000000000005
11561,5292.0
10162,8227.6119402985
34014,5637.5838926174565
4704,2604.330708661411
30404,9793.636363636368
371,825.3275109170302
4322,1777.652370203157
4001,2470.588235294114
463,1000.0
4240,2468.283582089556
38733,12419.354838709682
4066,2937.8238341968845
11000,5428.398058252423
810,813.3802816901407
7992,4218.750000000002
28925,11570.192307692312
15002,5354.218362282882
35377,8941.935483870968
19744,4096.412556053817
20256,5933.219178082188
27301,8220.731707317073
24606,3999.0234375
28743,7922.155688622755
8345,2625.000000000005
16285,6584.745762711869
22352,9517.985611510792
340,1082.8125
23486,5428.398058252423
34490,9029.390420899865
29924,7055.429864253388
32951,5667.364016736407
14498,5223.618090452254
33141,7247.787610619462
12765,3406.09756097561
22140,7382.8125
2623,3975.2396166134126
49632,10692.073170731705
10351,5206.066945606689
1585,926.470588235294
11583,4705.792682926829
24570,4002.7624309392304
12455,3331.7307692307763
36609,8701.657458563539
18428,8263.888888888883
3597,3071.57676348548
15014,5249.999999999994
2947,2665.384615384612
2838,3573.8786279683304
26131,9727.941176470582
31740,11306.016597510368
3129,2450.000000000007
13407,6395.454545454544
40426,6631.578947368415
23447,8490.234375
40583,7419.421487603302
20117,4295.45454545455
11242,3564.4736842105235
41528,7106.707317073172
613,857.1428571428575
559,828.9473684210523
27541,7990.24390243903
18791,6524.9999999999945
5425,3791.666666666671
36640,9682.71767810027
37399,7875.0
39361,9406.249999999998
31015,7797.029702970297
12395,8437.500000000005
5408,1388.539042821159
8228,9019.230769230771
5171,9306.818181818184
1078,832.3170731707323
6456,7068.292682926829
45799,9065.994500458288
13400,4208.015267175574
37718,7419.999999999998
4411,11671.875000000007
36226,11837.579617834394
18373,9121.62162162162
4285,1615.384615384622
48977,7757.462686567168
3113,846.0743801652889
23553,7471.843003412974
1188,1423.728813559322
32585,10250.000000000002
5558,1876.0387811634316
528,958.6956521739128
1971,2554.0540540540514
20993,8854.477611940296
21331,10312.500000000004
35411,10125.000000000002
10719,3708.4487534625982
46124,8490.234375
4414,2881.3953488372167
13198,6737.500000000003
31234,10114.678899082564
232,1080.8823529411773
17311,13001.677852348994
2393,1968.75
22484,11697.175732217564
29459,7721.05263157894
12437,4607.280927835048
3062,2501.80505415162
31761,10554.123711340204
33776,10626.506024096389
37924,7171.719955898573
201,1199.0740740740748
26581,7201.789264413514
50392,10710.0
32015,10472.769709543574
43466,10240.494296577945
28791,7761.690647482007
52761,10810.650887573967
31950,6593.023255813958
26581,11052.631578947365
25997,10152.892561983475
28889,9029.390420899865
19981,6382.894736842108
53353,10164.536741214057
3356,931.6081330868764
30697,10339.694656488557
7342,1934.210526315795
20541,7335.616438356161
17109,8712.765957446807
8555,8884.615384615385
9614,3186.20689655173
368,1772.639068564035
17583,5031.249999999993
1241,1225.6809338521407
9389,3863.2075471698186
21173,6611.111111111109
12577,4269.999999999999
42672,12130.434782608703
25806,5273.127753303957
40567,10053.191489361709
400,1909.0909090909056
14775,7249.999999999995
7793,2838.6627906976764
504,957.3529411764708
4832,2007.2411296162152
25389,8671.348314606741
22326,7721.05263157894
3621,1082.8125
399,2625.0000000000045
52853,8569.148936170206
64242,13345.41984732824
9763,4786.764705882353
1889,1682.0388349514508
4952,2348.6842105263177
35672,8023.584905660379
43217,12193.548387096778
3554,2222.97297297297
4353,1715.9533073929886
40094,7119.318181818182
2077,3465.0000000000005
17708,8000.000000000001
38476,8999.999999999993
29204,10540.384615384612
36813,11562.138728323707
9084,2607.6158940397386
36636,10296.268656716416
23681,11716.463414634143
3100,7276.898734177212
34791,8925.000000000005
35614,7830.255681818184
10521,1452.1276595744682
7328,2861.3344051447
12830,5998.15724815725
18462,7124.2055084745725
15584,7405.263157894734
42523,10888.04347826087
35809,12456.818181818184
9302,4056.818181818189
13262,8697.215777262183
9373,6641.566265060244
37547,9708.904109589048
1639,1011.4678899082564
6595,2221.578947368416
23345,11334.11214953271
13610,2165.625
9049,3324.282786885249
8149,6448.818897637799
9426,2764.28571428572
42520,8852.1897810219
2126,3366.847826086957
10689,2121.060171919768
16710,4837.363966142678
4663,984.375
38789,9772.590361445777
1501,1353.5156249999998
273,2355.769230769238
49880,9360.849056603767
2687,2525.9433962264147
35078,8155.581947743467
3701,2919.282511210757
33332,11175.55147058824
7475,2147.7272727272666
16412,8195.12195121952
13125,9051.724137931036
26673,6056.675062972285
4977,1763.0597014925422
22625,3013.667425968113
11273,5985.748218527311
43694,10018.19620253165
34288,9494.366197183102
300,870.9677419354837
48662,11921.27071823204
39788,9657.4074074074
61514,10870.72892938497
16270,3873.991935483873
13688,12898.148148148142
11834,9583.333333333328
2277,2602.754237288142
8377,1166.666666666667
23405,11916.118421052632
4159,823.5294117647059
11050,3173.50746268657
3754,2080.18867924528
14402,10259.999999999993
4741,2021.3903743315536
13672,6039.171974522296
49462,11509.615384615388
3153,1634.4339622641448
20395,8027.912621359228
23160,5369.318181818183
4792,1817.3076923076865
9127,3559.597523219808
4776,1249.1379310344826
5590,2113.1484794275434
4401,3172.131147540978
31370,7290.000000000003
8971,5660.526315789466
32160,7875.0
4499,2355.1401869158904
401,984.375
37673,4225.609756097557
44251,10935.589519650648
10612,4800.802139037435
44906,9118.421052631584
8024,4933.73493975904
38527,7677.135678391957
8783,3223.9932885906005
37113,9181.768558951955
198,821.6115510013976
23241,9624.999999999998
29852,8419.090909090915
40160,10271.739130434778
7944,2377.3584905660364
1361,1124.9999999999995
33924,11312.63919821826
1708,2217.5090252707614
22713,10967.727272727268
27682,5378.0487804878
6248,1949.7098646034851
7380,2951.052631578954
32684,10526.582278481015
16055,6724.315068493144
17775,3717.153284671528
27019,6842.213114754102
14996,3634.615384615389
42889,12038.793103448275
18812,8200.41322314049
4017,3004.0106951871608
47826,10554.123711340206
680,1232.6086956521742
32378,8205.41958041958
4286,3826.666666666667
28096,5931.490384615383
21411,4390.664961636828
8283,2250.0000000000023
3630,2250.000000000002
18948,3270.1271186440717
678,821.0900473933642
15357,5265.261627906972
39845,10500.000000000004
39871,10522.34042553192
15405,6193.820224719098
60045,12058.59375
31838,10960.051546391756
6420,3605.4216867469822
13186,3415.662650602409
3327,4695.422535211275
2567,2832.7338129496447
428,1499.9999999999995
10876,3605.4216867469822
14637,11169.881305637984
51807,11094.827586206897
2919,2616.771159874604
662,907.068062827225
33591,8902.173913043482
1023,939.2201834862389
31813,5867.647058823526
41377,10903.846153846149
56710,10933.25242718446
15035,9900.000000000007
8615,8826.086956521744
13011,5411.0429447852775
15296,6769.736842105267
1100,1178.5714285714284
164,992.1259842519688
8792,11273.076923076927
32360,10657.8947368421
22025,5378.048780487799
31374,8102.601156069362
19553,3705.8823529411775
10989,6952.702702702694
25247,7331.896551724132
30429,10179.878048780489
28208,11025.0
11086,3249.999999999995
9542,5127.906976744183
26320,9125.536480686693
20218,9731.250000000002
7538,3374.999999999995
12976,6276.315789473688
2342,2160.39823008849
12345,4272.870662460572
41817,11531.25
648,1912.9554655870525
2576,2450.000000000007
13367,10765.82278481012
8433,6076.771653543304
48352,11098.77800407332
10187,2914.9253731343338
31598,8895.19650655022
8479,5637.5838926174565
38092,10036.76470588235
25038,8712.765957446807
17106,11334.11214953271
20262,6003.009027081248
17849,7853.773584905654
24889,6817.500000000002
15850,8122.641509433969
19309,9571.823204419888
31276,11490.213523131675
7702,1292.9104477611943
50149,11946.226415094345
38872,11812.5
19068,9086.538461538465
53163,11892.857142857136
857,2222.972972972971
13387,4945.250659630601
19619,4277.156549520772
33362,11461.09839816934
23133,4865.853658536581
63126,13102.941176470593
6877,8019.938650306748
10800,9708.90410958905
22553,6562.5000000000055
26269,7532.608695652168
16425,5146.478873239442
7055,3405.4054054054022
6076,2271.634615384612
2485,1086.206896551724
16474,7392.857142857146
252,1211.5384615384612
53013,7840.369393139839
16491,6964.824120603016
3329,798.513986013986
13993,7297.872340425533
21734,9031.990521327009
4375,1005.3191489361694
12488,6262.048192771082
1160,1057.835820895522
29282,7455.430327868855
26894,7392.857142857145
11576,4340.551181102356
811,1601.694915254233
20685,7921.052631578945
22703,4894.422310756976
11287,12256.578947368427
6086,1665.8653846153884
1603,1645.0676982591865
42027,8278.84615384616
3905,1154.9999999999995
21080,8410.194174757286
27351,9764.251781472689
16541,5933.219178082188
366,870.9677419354838
3460,3176.470588235301
34405,7626.315789473677
25782,10710.0
46341,11764.285714285714
7375,4979.779411764702
15273,3832.499999999995
2019,1813.6363636363608
2315,1984.2519685039372
4840,2665.384615384612
63616,11573.863636363638
8278,4394.021739130438
335,807.692307692308
45050,5369.318181818184
4388,1400.0000000000002
6311,2486.842105263154
8278,4725.0
31385,11014.70588235294
42801,11518.10747663551
3204,4607.280927835048
1866,869.6319018404913
37657,9069.312796208533
18712,8250.000000000002
12908,3634.615384615389
25288,6428.571428571422
3419,2205.0
38670,8559.782608695648
28076,11948.27586206896
4288,1615.384615384622
19548,7159.090909090916
4038,3242.647058823521
7153,2172.4137931034547
33023,6234.3749999999945
239,984.375
11784,7322.87822878228
9718,3656.896551724138
9955,3660.211267605632
3079,1465.1162790697676
1226,1421.0526315789468
28890,11408.65384615384
690,1909.0909090909056
9684,3311.915887850472
21369,10045.06065857886
18720,5197.18309859155
25818,9496.32352941176
7602,8124.208860759501
52466,10928.571428571428
18664,4890.789473684215
32417,9379.213483146066
28206,5674.632352941179
29788,11792.9104477612
22232,7285.714285714279
7935,3674.9999999999945
33158,5671.745152354576
22470,4318.548387096777
13624,6890.625
27780,10144.06779661016
33176,6240.566037735855
8613,8957.345971563975
37488,12004.658385093171
18777,4564.490445859869
465,994.3181818181812
50101,11355.79937304075
26503,8845.890410958898
17083,8199.152542372885
40277,10500.000000000004
31137,10935.589519650648
2127,868.9655172413786
4256,2602.002503128912
29635,3389.2405063291217
23883,9079.41176470588
16846,8984.154929577471
1961,1832.0825515947413
18833,11407.710280373836
7269,6562.5000000000055
40784,11382.743362831863
4328,2558.9244851258604
25888,8621.052631578954
14065,4824.32432432432
16400,6261.111111111114
41088,8289.473684210523
35185,7957.894736842108
6180,1934.2105263157955
7923,3904.225352112676
11026,8384.892086330929
20982,5084.310189359788
2992,1450.6578947368416
2686,1731.675392670163
4974,1783.0188679245232
38523,8911.184210526322
6016,2223.958333333338
37453,7216.981132075471
756,1114.6153846153852
26760,13039.53488372093
21433,10268.722466960358
6122,2666.932907348241
323,918.7499999999994
6629,1453.241895261846
10963,4952.830188679239
36304,10617.97752808988
18836,6926.204819277103
6574,2261.138613861393
26800,6016.853932584263
489,1680.0000000000057
7119,12419.354838709682
22738,7437.499999999997
1067,1349.9999999999998
8881,5617.132867132873
11018,7364.788732394367
57104,11676.276771004945
37878,11143.867924528306
421,1138.5542168674692
648,1186.6438356164388
5961,4276.685393258434
29999,6173.076923076924
36918,6586.363636363633
7376,6684.146341463415
6410,3159.156976744184
17572,5046.116504854367
28523,10466.12903225806
1991,3955.479452054803
4773,1546.012269938651
19401,6427.130044843053
4713,901.2261580381474
34278,10098.643649815052
16523,7323.529411764704
10532,3311.915887850472
41564,8608.299595141694
28896,8287.585421412306
35204,7847.56097560975
24131,8496.710526315785
2861,1473.6842105263158
32353,8853.260869565218
4911,5435.840707964604
30418,11408.108108108105
12744,7217.088607594939
43299,10677.966101694912
7921,2859.9221789883204
6848,9803.571428571431
6388,1553.5714285714282
35165,8263.888888888883
22830,11520.83333333334
1055,1249.3990384615388
20546,10065.789473684208
28389,12130.4347826087
19423,4870.065789473677
31260,9907.258064516129
8266,4002.7624309392304
53637,10395.0
313,1369.5652173913038
55645,10712.550607287449
29586,6980.113636363633
55946,10982.623318385657
60061,13727.064220183487
24829,7236.48648648648
982,1749.999999999998
7914,1550.518134715026
5109,1361.6714697406348
2751,1046.9653179190757
46060,11199.999999999998
732,1256.4102564102568
38941,8962.993421052632
36117,14423.684210526306
30160,10641.891891891895
7649,3865.030674846626
10616,6761.499148211236
33867,5616.279069767446
12886,6378.750000000001
11622,6282.548476454296
34753,10723.404255319145
65938,13727.064220183487
25739,7507.500000000006
31862,7236.4864864864785
52314,10615.808823529407
4830,3616.666666666673
3727,1538.3720930232566
159,940.0121802679654
30935,7222.375690607732
8147,9534.124629080115
22560,8367.1875
43579,7476.82584269662
2427,5539.655172413787
25083,7454.999999999994
8919,2382.352941176476
16845,10808.82352941177
5398,2019.230769230766
20997,6750.000000000006
1236,1118.0555555555563
6909,9969.414893617017
30552,8461.764705882346
3873,4140.84507042254
30185,6336.206896551728
35199,8990.04424778761
14832,5604.294478527611
34056,7691.447368421052
5818,1632.6219512195146
46154,8989.0243902439
28142,9195.65217391305
8863,5588.709677419349
19696,5263.601036269432
19078,8195.12195121952
3808,1984.2519685039376
42075,9780.821917808224
292,1775.0000000000048
11558,5389.999999999996
6846,2349.0220048899814
1290,1784.4827586206827
4180,2221.7868338557973
34424,8027.419354838715
18196,8286.585365853663
28684,6029.296875
4989,1957.10059171598
4458,1863.905325443784
14705,4697.896749521991
11567,7026.315789473679
21710,6409.883720930239
5249,1968.75
43765,8247.047244094481
21583,9863.63636363636
2455,1841.7338709677465
18573,6834.905660377354
37483,11047.66187050359
3873,4580.35714285714
20076,4957.171314741039
6773,2298.444976076555
21494,5820.652173913038
32493,8376.136363636366
30185,6433.098591549294
13155,2809.459459459453
11381,4119.718309859157
37537,8856.382978723408
5895,6262.048192771082
44099,8946.598101265818
13844,12038.793103448275
699,1175.3731343283582
4137,1190.6047516198707
51890,8113.636363636363
29312,7176.035502958581
12715,11533.06451612903
34940,8205.41958041958
5097,897.1518987341773
32898,7153.625954198477
6710,3097.5000000000045
173,1499.999999999999
1552,1384.3283582089557
33874,10016.447368421055
35775,9623.076923076926
21516,5151.869158878509
9398,5466.176470588239
12379,3055.084745762716
6021,6035.928143712579
9366,2866.166077738509
3889,3857.1428571428496
20820,8724.40585009141
48304,11123.76237623762
39755,10730.769230769223
11126,5603.932584269664
30463,8559.782608695648
2012,1446.428571428572
4871,942.307692307692
15696,6382.352941176476
23431,7087.5
27740,10569.078947368414
51478,10685.967302452318
24236,9527.777777777774
13384,4793.478260869572
7447,3270.1271186440717
4965,1431.8181818181815
19908,5127.906976744183
6072,1548.076923076923
1780,1518.0722891566263
34650,8352.272727272722
32677,6268.656716417907
2215,2874.524714828897
10492,8527.366863905321
14309,3978.9473684210457
32920,11020.538243626064
41313,11187.93103448276
7140,6927.385892116189
15339,3668.674698795188
12271,5517.515923566884
3963,1406.2500000000002
21969,3478.124999999994
42322,5745.928338762207
13688,7658.2568807339485
37925,9658.264462809922
32593,10540.384615384612
548,1167.7756653992394
13554,4724.999999999999
33343,7364.788732394367
23806,8217.391304347833
12151,10673.55371900826
9342,3727.099236641224
39472,7404.382470119527
18539,3524.475524475528
378,833.8235294117641
8726,5249.999999999994
8632,1934.210526315795
39637,11401.11940298507
11657,6107.142857142851
31001,8694.570135746611
24256,9043.9453125
3973,1190.6047516198707
3373,4942.541436464095
888,882.0
46296,12268.421052631586
46294,10401.869158878504
18520,7085.5745721271405
23190,6902.2058823529405
1819,2072.9954614220933
279,1118.8524590163931
22909,5796.0
34958,11530.503978779834
11331,3389.240506329121
6145,1388.539042821159
30580,10390.909090909094
7594,4120.639534883718
845,891.5094339622648
802,1317.4904942965777
41736,10872.580645161286
5535,2901.315789473676
7966,3130.4347826086914
3920,832.3170731707322
18362,6128.404669260704
14380,7265.238879736403
36496,6171.630094043882
45063,11617.021276595737
47871,11374.999999999996
9514,2165.625
32490,6873.940677966106
23015,4412.052117263841
1997,8726.35135135135
551,2062.5000000000005
25764,12014.423076923078
3484,3462.2844827586277
1249,2602.0025031289115
27179,8061.29032258064
26987,5336.065573770487
37730,6777.272727272723
22899,11352.27272727273
13610,3434.6758349705287
21636,7642.011834319528
5872,2281.034482758628
59462,11570.192307692314
31839,9644.95114006514
27522,12148.57744994732
8314,3524.475524475528
19546,8300.675675675675
12994,6456.89655172414
221,921.9512195121956
23891,8857.293868921775
16940,4942.541436464095
27501,3955.479452054802
36638,9860.294117647056
21949,6176.470588235293
19548,7261.976047904188
46901,8122.641509433969
15314,4816.1157024793365
7175,3281.249999999995
13961,4358.009708737871
51519,11083.33333333334
1943,1302.2460937500005
8891,1959.1463414634145
150,863.7096774193556
13201,7339.285714285712
65152,10388.29787234042
3116,4793.478260869572
18440,7269.230769230776
420,964.2857142857148
8989,7919.241573033709
5572,3702.496954933004
33165,11431.451612903222
18485,10723.404255319148
12303,7487.704918032791
6452,3366.8478260869565
796,1936.1702127659537
27703,4725.0
35614,6999.999999999993
31374,7980.941704035873
14399,3937.5
35115,6842.213114754103
35002,10964.088397790058
3628,1659.7533632287073
24884,7505.859374999999
20843,5249.9999999999945
15496,5111.842105263159
708,4921.875
17925,12203.853955375256
30843,9210.937500000007
25857,10729.6875
3098,1421.8750000000005
28639,5965.909090909095
17667,7239.398084815317
10441,4529.411764705878
10979,10564.615384615388
16796,6906.417112299458
13429,6455.983493810183
53627,9968.354430379744
22744,9139.598540145991
28971,11488.23529411764
22026,7419.700214132755
34704,9051.724137931036
52217,11850.977198697068
22094,7723.557692307686
17914,6631.578947368415
35741,11490.56603773585
2085,1493.227990970655
9832,5901.639344262302
6271,8712.765957446807
28334,5146.0396039604
33091,10381.690140845074
33879,9313.24850299401
58233,12088.815789473683
22276,8018.181818181819
32126,8677.083333333336
8811,8164.877300613495
1074,1327.2471910112356
51265,8329.326923076927
40791,10161.29032258065
11166,4218.750000000003
15629,2739.1304347826112
10751,6508.264462809921
16514,2250.0000000000023
3191,1592.6966292134834
813,7159.090909090916
1661,1396.5517241379318
35717,8642.307692307697
44933,11945.65217391304
33979,8683.783783783781
11739,12434.210526315785
45350,9313.24850299401
32398,9450.0
28994,7875.0
428,1797.5543478260918
42384,8939.189189189196
30834,6279.85074626866
32429,9086.538461538465
22583,12172.222222222215
4529,1968.75
6766,11236.28048780487
30324,9901.006711409393
503,1072.580645161291
9296,4581.818181818183
16993,7600.92807424594
36934,9960.810810810804
17609,3727.5000000000055
33288,10383.333333333328
41128,13588.235294117649
13547,3315.789473684215
480,807.6923076923081
11074,11209.459459459464
1476,2017.415730337072
11915,11666.66666666667
21095,11359.756097560978
50783,10187.234042553197
19986,4096.412556053817
36108,9545.454545454542
624,1995.0000000000052
14484,3312.9310344827604
1261,804.2553191489354
29996,4318.548387096777
22747,6274.900398406374
27149,11348.38403041825
3121,2184.782608695645
2530,2185.4066985645927
526,882.0
11103,10903.846153846149
44986,10627.427184466016
2257,1404.4585987261148
27429,12118.876080691636
7330,4895.2702702702745
26439,6977.8481012658185
5925,4596.88995215311
12189,4131.147540983605
6538,6961.956521739125
5187,3629.0322580645193
46920,10776.315789473678
31908,9288.461538461544
63025,10074.898785425105
18793,7947.781885397417
64421,13247.663551401873
8663,4583.793103448281
8352,2739.130434782611
53772,8862.903225806458
37165,8015.624999999993
13514,8383.064516129032
50122,7848.122866894202
2745,2040.155440414513
484,1211.5384615384614
49124,10268.722466960358
59487,10805.232558139533
915,1504.4776119402984
49200,11226.260257913247
15602,7283.236994219656
4222,1349.9999999999998
18359,5180.921052631585
35494,12419.354838709682
44059,10863.084112149529
11478,6011.450381679388
14922,5328.693790149885
13286,3862.068965517247
24625,5978.102189781014
210,1256.134969325154
1620,1758.4951456310648
10695,6085.227272727268
18168,6979.411764705885
23307,9375.882352941178
6111,5040.000000000001
3179,4849.576271186441
52849,9927.526595744675
14595,10045.27559055118
30871,9485.79545454545
2119,1312.499999999999
33133,10111.11111111111
11930,4817.6470588235225
31569,7735.207100591721
21746,7793.814432989686
3335,6240.566037735855
59050,8689.655172413786
36117,8692.216981132073
30071,7760.036496350359
12981,4356.382978723404
1599,1387.931034482759
18031,6693.750000000001
38367,10837.155963302755
39304,11895.953757225428
16090,13378.378378378373
6646,4629.471228615869
1450,845.2444208289053
8023,4766.447368421045
16020,9004.746835443035
2547,3656.2499999999977
25207,8122.641509433969
33752,11374.999999999996
15799,9888.036809815943
466,2460.9375
15728,6240.566037735855
1505,1543.0743243243248
22866,8323.170731707323
4657,1854.8553719008212
4263,2602.754237288142
35135,10991.150442477874
5215,2881.3953488372167
22548,5879.999999999995
26443,10782.12616822429
14978,3422.12041884817
31341,5643.7499999999945
34419,9225.72815533981
361,984.375
18083,6831.325301204817
35558,10388.29787234042
979,939.7374701670648
3670,3065.8396946564835
871,1340.4255319148936
20571,8212.499999999993
25627,6710.387323943661
12156,5146.478873239442
32344,6702.127659574468
5847,2513.2978723404194
25366,5138.059701492537
19712,7481.250000000001
16702,5084.310189359788
48615,11025.0
7204,3130.434782608691
63614,12001.5
1347,1490.409207161125
20273,7031.249999999993
43791,9856.132075471704
8094,3088.2352941176464
6500,4073.275862068959
23008,12203.853955375256
37687,8166.666666666659
32574,8087.83783783783
20461,5646.226415094343
25880,10892.523364485982
1130,1107.7981651376151
28202,8871.83544303797
2929,2423.0769230769256
1381,2036.1216730038032
960,1988.9078498293568
17251,5108.360509931805
16760,7251.79856115108
5284,5249.9999999999945
7432,2185.4066985645923
9140,11787.735849056606
6327,1789.772727272733
34119,10611.405835543766
43867,10768.825301204815
34190,10446.969696969689
36312,9286.127167630051
1852,3785.407725321888
25936,4535.019455252912
23449,12989.690721649482
7333,3131.024096385549
73507,12600.0
25245,9583.333333333325
26925,7111.702127659579
25248,6902.2058823529405
2305,2212.22358722358
10909,2495.901639344258
16241,5441.8604651162805
21262,10794.943820224713
19110,5422.13114754098
17073,5054.651162790705
42974,8530.324400564174
8347,5811.068702290084
15859,9060.674157303378
18822,10030.051150895144
6810,2301.9230769230744
66597,11117.647058823535
32665,8725.257069408744
5408,2470.588235294114
17413,4536.684782608702
20318,5616.279069767446
11179,6865.384615384617
12171,2877.650897226761
20828,7532.608695652168
45640,9916.666666666672
40208,10245.535714285716
487,887.3239436619721
16041,4299.846625766869
12049,3940.32258064516
44235,10682.889344262292
39631,7411.764705882358
49578,10158.284023668632
2650,1415.0390625000002
11027,4118.832236842108
20818,8185.039370078744
30940,10828.125
526,797.4683544303803
990,3825.000000000002
5190,2327.3195876288664
6241,3073.170731707314
17151,3493.0693069306967
41000,7247.787610619463
7935,3244.974874371861
2749,5781.645569620257
12642,3507.44680851064
3130,2272.7848101265754
29612,7536.809815950917
23866,7792.105263157891
14503,9450.0
29701,6895.945945945948
11095,2555.3097345132787
20557,5860.465116279071
5612,5300.000000000007
11215,5665.467625899275
661,1518.0722891566263
338,2263.473053892209
13103,4466.417910447764
18201,4295.45454545455
6176,5057.33944954129
534,944.0063091482656
25866,9379.213483146066
29723,8451.21951219513
7412,3022.4887556221893
48275,10822.625698324026
43239,13468.393327480244
11394,5616.279069767446
21272,5831.632653061225
10227,5591.715976331368
19162,9527.777777777774
33357,6522.72727272727
22969,8293.47826086957
17542,4735.294117647061
3796,2080.18867924528
12893,8321.044921875
17585,10644.827586206891
2348,2009.2592592592528
19491,8973.107569721122
15828,11081.586826347311
11795,3480.1699716713947
1561,1685.424354243541
19218,10548.837209302324
1103,1418.918918918919
18171,10419.230769230777
42996,10025.369003690032
14365,4452.8795811518285
19873,10617.97752808988
23864,8915.094339622648
15556,11355.799373040749
45457,10373.798076923074
13730,2772.0
5720,1575.0
11330,6428.571428571422
31657,11184.782608695654
46279,12073.170731707323
44832,12303.191489361694
27063,10164.244186046508
1138,1027.1739130434776
20246,5512.5
12998,3206.2500000000064
209,2520.0
14135,8035.714285714284
24417,10710.0
45101,8320.754716981135
19592,6090.634441087608
27812,6861.386138613868
20619,6999.999999999993
16203,4873.318385650218
33993,9340.116279069774
3390,1353.515625
24535,8816.576086956518
29265,6985.88709677419
24956,9122.524752475245
27256,9881.691648822269
41547,10000.000000000002
22472,8499.56896551724
7778,3605.421686746982
4103,3379.310344827585
18489,10245.53571428572
9040,5538.4615384615445
19364,4351.973684210523
49462,13008.0971659919
12041,5369.318181818183
52424,11423.999999999996
26849,11036.783042394009
32937,11676.72413793104
20602,11047.183098591546
53841,12742.574257425742
35901,8393.982808022925
35570,9427.419354838716
60384,8105.263157894741
6186,6127.521613832855
37894,9496.32352941176
17358,9805.147058823528
6630,5180.921052631585
35327,9755.067567567565
44800,9386.718750000002
28571,6385.135135135129
9539,3656.2499999999977
14656,10420.797413793109
38059,12096.0
1933,1639.285714285711
10551,7087.5
15117,6385.135135135129
2082,2468.283582089556
19125,5762.195121951214
17755,6003.00902708125
1824,1270.7006369426745
38270,10699.13793103448
3756,1564.838709677419
17870,9907.258064516129
19143,4812.500000000007
34579,6885.678391959796
2541,2170.945945945949
30810,7875.0
3482,8031.456953642383
210,1458.3333333333337
4210,1431.8181818181815
1414,2987.06896551724
4197,1968.75
27290,6114.70588235294
6374,3668.674698795188
32507,9367.890995260665
15290,6685.251798561148
26143,10180.02257336344
20428,8091.176470588228
25008,6187.500000000003
13664,9597.65625
11887,9435.483870967742
1314,3634.615384615389
24317,8164.877300613495
3456,6828.671328671336
21390,9859.75609756098
15547,6473.926380368096
3644,2032.2580645161268
45330,9517.021276595742
18504,12964.939024390244
5368,7735.207100591721
29838,11282.234957020062
17358,5176.573426573432
13910,5595.394736842108
69837,13588.23529411765
64842,11063.14878892734
23348,10258.223684210525
8895,3573.5294117647054
6407,2720.45454545455
13041,4289.883268482489
21819,9219.512195121955
447,1225.0000000000005
2976,2926.229508196721
34916,7088.788870703757
49721,9246.268656716413
928,1078.7671232876712
36435,8823.298429319377
25686,8321.044921875
15813,9762.958963282945
36677,10224.798387096776
20406,9407.718120805372
24235,6300.0
45771,9324.38650306749
11632,2121.060171919768
2251,1857.3113207547208
38748,9122.950819672138
33911,12124.680306905377
12252,4552.734374999999
508,1188.6792452830182
7441,2172.4137931034543
281,854.3632075471693
13656,3937.5
11734,2886.125654450257
360,1416.36690647482
22404,6914.6341463414565
14330,4937.837837837845
11218,7201.789264413512
13126,4087.025316455697
1293,2583.9843750000005
51780,9344.497607655509
41025,9474.137931034476
29677,6260.869565217398
16889,11812.5
2373,2301.923076923074
3172,816.6666666666675
5455,6395.718232044194
25106,9056.25
14982,3821.311475409834
16647,8877.272727272732
20487,11310.81081081081
17078,10313.167259786467
28651,5487.096774193556
17609,11006.02409638555
63170,10808.823529411771
46654,11573.863636363636
19987,7195.431472081226
17530,5211.3970588235225
10317,3865.030674846626
2796,3028.8461538461493
4182,1697.6047904191685
47892,13345.41984732824
32985,9139.59854014599
728,796.0288808664266
54755,11774.760383386583
18991,8937.499999999993
47505,12096.0
4214,2160.39823008849
49096,11411.67664670659
11840,5855.187319884725
6415,1237.5000000000002
20529,5249.9999999999945
9542,4076.4705882352982
1141,1483.695652173912
22525,11775.000000000004
30610,9283.536585365851
3136,2501.80505415162
44793,11828.063241106718
40145,8323.170731707323
20515,6013.636363636367
9606,8672.468354430379
36878,7757.462686567167
24001,10640.000000000004
376,837.7659574468082
3541,1317.9916317991626
30476,7600.928074245939
18634,6579.113924050636
44769,9419.117647058816
16893,6476.277372262772
22026,12456.818181818184
6469,1817.3076923076865
22438,6635.786802030462
9881,10429.624664879364
32591,11102.45901639344
35783,8444.680851063822
39710,9286.127167630051
27288,12193.548387096776
29265,5678.289473684215
31278,9976.77364864865
14836,3381.901840490796
11682,8328.53403141362
2219,1610.7954545454504
39869,9049.34210526316
31365,5305.2631578947385
19838,4856.628242074928
30829,9556.93069306931
44651,10870.728929384972
19246,4846.153846153851
36731,12033.294392523365
15122,5796.0
9805,3098.360655737708
22901,6206.89655172414
26123,8293.47826086957
2387,1328.3132530120486
12158,11541.49797570851
16009,5564.9999999999945
27643,7350.000000000005
17562,5889.130434782611
3473,1145.454545454545
31935,8595.505617977535
57638,11644.549763033172
28912,5646.226415094342
5816,3126.181474480144
22147,6631.578947368415
10198,5217.909535452317
30794,8159.638554216875
9958,5195.026178010474
35815,12033.294392523365
19661,5515.688259109317
20208,5006.250000000004
13538,5985.000000000001
16175,5017.137096774191
15815,6375.000000000004
25458,11895.953757225428
5650,3149.9999999999995
39464,10917.613636363634
637,868.5661764705881
857,2901.3157894736764
39913,13650.000000000004
25490,5966.573816155995
37462,7017.326732673276
19752,9856.451612903224
15029,3917.098445595851
28817,7875.0
3273,2039.568345323744
42708,8280.927835051552
18875,4536.684782608702
52709,13134.905660377352
1986,3032.608695652179
4414,1544.1176470588234
12960,7656.923076923074
14090,7897.499999999995
24647,12789.473684210529
12462,5906.249999999999
32099,5985.0
31511,6368.852459016401
25161,10398.058252427192
24694,9450.0
31895,5512.499999999999
21381,5532.352941176476
31812,7875.0
5014,1188.6792452830182
10438,9374.999999999996
22821,5033.256880733943
9376,8067.073170731714
16373,6593.023255813957
39575,10960.051546391756
7127,3865.909090909084
25449,9181.914893617017
33768,6454.9180327868935
6419,2288.006756756753
33897,7667.763157894738
1797,1211.5384615384612
4097,1660.079051383394
10828,5046.116504854367
6596,6743.044822256567
51444,10057.74456521739
7858,3446.9696969696997
7646,4055.037313432833
40012,7388.181818181817
23155,5099.137931034488
23334,8194.649446494457
23188,7622.519083969466
4661,4039.009497964728
43805,11072.727272727272
16182,10145.270270270268
59150,11812.5
31478,10654.41176470588
13178,8099.999999999995
24662,10125.000000000002
6694,2386.363636363644
24062,8935.714285714283
38145,11812.5
9329,6588.926174496645
16841,8608.299595141694
10978,3614.754098360648
13801,8835.365853658543
24494,4375.000000000004
38141,9545.454545454544
4380,8557.086614173226
13313,3097.500000000005
18650,5794.314381270907
31031,6646.788990825684
12225,5446.8749999999945
19771,7875.0
42802,11143.867924528306
36789,12272.72727272727
26726,12268.7165775401
45392,7693.269230769223
508,810.6617647058821
2184,1720.5882352941242
11469,4103.873239436618
4880,9004.746835443037
34708,6022.058823529418
14674,7242.700729927004
11162,3490.056818181816
782,954.5454545454544
11350,5428.398058252424
5765,1881.5028901734083
4578,1607.142857142863
4984,1903.846153846156
5343,10937.499999999993
40936,12365.32951289398
20832,3607.929515418496
11966,3286.95652173913
1112,1054.906542056074
25780,7464.130434782612
24931,4697.896749521991
46418,10641.891891891895
12254,4641.065830720998
2141,1709.3023255813994
30811,4897.7635782747575
46596,12326.08695652174
6968,3408.582089552236
6547,6631.578947368415
10012,8110.074626865666
9550,7420.673076923075
22592,5451.923076923075
11840,8740.61662198391
18107,11720.930232558145
20955,8585.412667946257
16488,4471.608832807568
8138,2301.9230769230744
19094,4169.117647058821
18917,4925.925925925933
31304,8902.173913043482
9828,4614.649681528656
1694,1396.5517241379318
6285,1640.6250000000052
3714,7518.126888217526
1683,7325.581395348831
2347,2699.999999999994
15763,8863.117870722428
24271,12678.191489361698
38248,6674.721189591073
27750,8712.765957446807
30517,6940.677966101697
2506,2591.772151898727
8424,3705.882352941179
12265,7566.8478260869615
6367,7577.830188679243
15405,4218.750000000003
5349,12997.572815533982
47043,9271.276595744686
46767,9901.006711409393
34245,11602.981651376143
1398,2062.5000000000005
14553,7201.789264413514
972,1811.25
47597,10073.170731707323
12252,4890.789473684215
1241,3781.7460317460286
2040,3315.789473684215
15068,6975.000000000003
61068,9204.545454545449
8338,3832.499999999995
21258,6831.325301204816
12183,3507.44680851064
16988,8712.765957446807
15893,3705.8823529411793
1396,881.9999999999999
40224,7979.304635761583
39909,11418.032786885253
19787,9061.643835616444
17652,4510.067114093956
3621,1840.9090909090928
17755,4014.705882352945
23154,5931.818181818188
1533,1480.2631578947364
32115,6446.891191709839
25877,12493.220338983054
37345,9787.037037037027
59703,11578.214971209203
4097,11407.407407407414
49043,10114.678899082564
8380,2993.80165289256
37931,5745.928338762207
24803,4985.946745562129
23642,6474.999999999997
20318,5263.601036269433
39377,12163.36633663366
11660,7769.999999999994
3430,907.068062827225
26233,11374.999999999996
4353,3071.57676348548
13853,3705.8823529411793
3862,883.6633663366337
18346,3414.823008849552
45809,10187.234042553197
39853,9624.999999999998
1212,1985.2941176470556
9396,11214.98054474709
12181,3994.329896907209
18515,11313.380281690148
36337,8939.189189189196
1245,1211.5384615384612
39432,9061.643835616444
14955,3281.249999999995
34185,8451.219512195132
7378,10125.000000000002
9269,3813.157894736847
9211,3480.169971671395
20124,4026.9886363636338
1536,1238.7640449438195
11747,1926.258992805751
57986,14423.684210526308
33404,7269.230769230777
38226,9089.062499999996
16529,7076.086956521745
13752,3382.55033557047
15159,4051.630434782606
5108,3016.7910447761205
24656,7572.92595896521
1135,1550.5181347150262
14138,5378.048780487799
4181,984.375
41379,11292.968750000002
13973,8911.184210526322
428,1142.1755725190833
5437,2660.472972972974
27143,11133.620689655176
2347,1332.6923076923076
35921,9493.150684931505
17600,4735.294117647061
2713,1485.849056603773
19285,5210.526315789475
28835,9746.92622950819
13072,5021.739130434784
5545,3999.0234375
32300,9348.387096774191
23629,7557.692307692309
38543,9341.379310344828
30616,10125.000000000002
3418,1387.9310344827593
31871,9889.53488372093
12230,2486.842105263154
7851,2863.6363636363662
7800,4952.319587628872
4074,10710.0
10001,8894.62809917355
37704,12800.353356890457
17732,9122.524752475245
11164,1610.7954545454502
41932,11355.79937304075
5540,2451.3618677042887
3623,811.8556701030925
9045,2468.283582089556
5937,2468.283582089556
33865,5351.94174757281
2695,2032.2580645161272
25671,9319.526627218936
51972,10981.651376146783
23777,11714.0625
4337,5503.012048192774
14264,10333.333333333332
4538,4039.625360230551
3618,1894.2093541202744
798,955.970149253731
15750,8490.234375
12447,3937.5
14080,3536.842105263159
2910,4274.999999999994
7881,3022.7272727272743
673,1176.0000000000005
36752,7875.0
39003,6512.359550561801
37229,5539.655172413786
28604,8877.272727272733
25919,5796.000000000001
2777,2470.5882352941144
7083,2509.6153846153798
35223,10368.749999999996
17970,10777.777777777785
14289,11459.13461538462
7737,3286.95652173913
44768,12533.450704225354
45095,7567.039106145256
17707,7316.489361702133
30188,7106.707317073172
34277,12554.34782608695
5402,2554.0540540540514
4771,1161.8852459016396
23637,8396.139705882359
36409,8935.714285714283
31212,10500.000000000004
38899,11918.918918918924
782,1287.5912408759118
27957,12236.538461538465
33404,9419.117647058816
34424,11490.56603773585
21752,5428.398058252423
13307,9603.658536585372
18647,7560.0
7232,8269.984326018808
5164,2769.230769230772
28834,7656.249999999996
57615,10311.151079136696
47940,12198.529411764712
11799,5516.020864381514
15267,9450.0
11974,3258.620689655174
27428,8320.754716981133
14415,4258.928571428569
1501,907.068062827225
975,1538.3720930232564
14674,5936.33276740238
32133,4389.344262295083
10675,2092.657342657345
13783,10828.125
3335,2255.9681697612727
64409,10125.000000000002
19057,4347.285067873298
26298,6593.023255813957
2860,1316.4179104477612
21077,9369.230769230771
20343,5553.947368421046
14631,5536.363636363644
43821,7848.122866894202
1982,1771.8750000000002
6629,1957.10059171598
35941,11488.235294117643
21468,10383.333333333328
8900,2359.550561797753
34137,10999.999999999996
47330,11509.615384615388
9364,2443.9655172413723
6026,891.5094339622649
7961,2067.422434367535
20716,9019.230769230771
8866,2395.437262357419
10147,5361.7021276595815
25012,9934.615384615388
3917,2633.7792642140544
18694,7729.16666666667
38347,8613.281249999998
14183,6118.70503597123
16775,3947.8891820580448
12177,7388.181818181817
13814,5428.398058252423
13443,10523.863636363634
1358,1531.7955112219452
890,1040.7488986784138
4924,1823.684210526323
16973,9298.192771084345
5896,3073.170731707314
49991,8842.105263157897
22885,6631.578947368415
940,846.074380165289
10041,3197.969543147211
28898,6095.338983050846
28981,7964.488636363633
54165,10519.589552238804
1782,4946.014986376023
4405,1350.0
24611,8352.272727272722
29054,8427.631578947374
5322,10285.714285714286
40520,10475.694444444436
8478,3684.210526315793
18209,8568.65284974093
33367,9413.79310344827
5287,10738.636363636366
2340,4765.682656826563
3687,2768.181818181822
31923,9847.014925373136
5223,3639.999999999998
234,1067.796610169491
15969,6696.107784431131
16509,5349.056603773585
22781,6906.151419558363
24983,9302.013422818798
10082,5708.868894601535
17789,9125.536480686693
23082,6329.439252336455
4616,8895.19650655022
20723,6283.678756476681
38234,10500.000000000004
10148,7076.086956521745
27581,12685.669456066946
46065,8297.560975609758
20043,4434.466019417469
161,1000.0
38318,11351.351351351355
7162,2853.6585365853653
31062,8124.208860759501
21787,10894.43005181348
10443,6445.729537366549
12674,7810.714285714288
28524,5781.6455696202565
19634,2785.060975609757
8202,11196.428571428578
11336,4344.827586206893
52348,12044.117647058822
18479,6847.826086956519
60781,12256.809338521409
25692,10137.931034482755
15212,11163.793103448268
25248,3667.80821917808
1671,2184.782608695645
21483,6913.636363636364
28094,8541.044776119397
17416,5011.363636363633
494,3094.920899250627
17907,3688.2911392405
10066,2054.347826086962
3334,1039.0624999999995
6030,3070.75471698114
49162,13372.641509433965
25039,5299.065420560744
2697,2058.2386363636338
8924,7139.273356401386
10046,4544.4664031620605
16970,3291.0447761194027
16715,5267.918088737199
26687,10343.283582089556
2860,924.7159090909088
28761,8263.888888888883
1100,1073.863636363637
8697,1677.9661016949178
38319,6194.9999999999945
3245,1964.02877697841
19127,3644.9044585987313
1691,1476.5625
1050,1807.377049180332
17260,9746.92622950819
53730,9450.0
42835,11408.1081081081
36067,6989.644970414204
22760,7156.932931424273
741,1533.468559837728
8842,6340.909090909097
1168,1185.4838709677426
31004,6635.78680203046
24056,5108.108108108103
5074,8679.435483870964
727,1291.5
20106,6317.307692307691
4016,1741.206030150746
59249,11348.384030418249
4150,2276.0115606936383
1671,1959.1463414634145
14657,4614.649681528656
53886,10332.802547770703
46799,9638.059701492542
23248,11174.311926605504
21991,4500.000000000005
36473,9415.760869565222
5381,3516.9902912621296
41887,11490.56603773585
17972,7392.857142857146
4092,1709.3023255813994
59665,11056.472632493487
16773,8911.18421052632
11855,2949.6466431095423
28079,6107.142857142852
358,870.9677419354838
16929,3820.544554455452
32404,9490.127388535033
23050,5603.932584269665
7161,1600.6097560975677
35289,11070.65217391305
44203,8662.499999999998
48376,10687.500000000007
48053,10623.529411764712
4761,1584.319526627213
31947,8871.83544303797
14746,8767.24137931035
7429,8459.999999999998
22055,7735.207100591721
26671,6451.634877384202
9520,3572.916666666669
30842,6567.137809187271
52665,11502.808988764038
36755,6276.315789473688
29882,5926.54639175257
54262,10607.142857142857
26712,6096.774193548381
17500,11488.23529411764
33621,9153.30661322646
21961,7676.213592233009
2995,1968.75
5125,3530.172413793107
2992,1253.3156498673736
14087,7572.925958965211
12170,9916.666666666672
23066,7411.764705882358
45667,10828.125
10075,2173.943661971839
28291,7042.682926829261
22219,6485.29411764706
26383,9517.985611510792
21895,9240.000000000004
7995,2730.735551663753
37620,9736.363636363632
5643,1225.0000000000005
23524,7735.207100591722
363,857.9766536964977
52231,11148.876404494384
2747,1784.9999999999943
14597,4714.968152866245
22541,7216.98113207547
998,1007.548618219038
49796,10961.14864864865
6632,2739.130434782611
50808,10982.75862068965
11501,5646.226415094342
11943,4144.7368421052615
15239,6711.340206185559
38419,10723.404255319145
4991,1936.0465116279047
16514,4973.684210526323
26138,6878.571428571428
31163,8480.769230769223
13341,5373.529411764702
6718,1687.4999999999975
33201,5938.524590163936
8389,5825.80645161291
2481,6084.507042253521
32172,9905.660377358494
18509,5265.261627906972
15692,3315.7894736842154
571,1473.021582733813
21426,10333.333333333332
26737,9062.849162011176
50367,11071.782178217823
28524,9450.0
4420,1631.927710843369
37482,7642.011834319528
37649,10367.08860759494
38317,10748.815165876773
23552,6681.818181818177
14122,8903.716216216211
1233,2250.0000000000023
39293,9162.547528517114
27618,9477.470930232565
3808,1593.7499999999973
14873,11444.636678200692
4109,2269.0677966101616
1416,1490.740740740741
52659,11905.147058823522
17500,4915.909090909089
15485,3281.249999999995
21119,7499.999999999997
23100,13732.03125
7287,4778.089887640451
23054,9656.67420814479
4843,11226.260257913247
42856,9411.585365853656
8558,2633.779264214054
11560,5943.396226415099
6376,1598.391089108903
24761,11431.451612903222
11115,2396.7391304347784
31384,7813.4765625
291,828.9473684210521
25401,7314.853556485363
8204,2570.3124999999927
41244,11883.445945945938
37852,10946.249999999998
46949,8451.21951219513
342,2271.634615384611
6234,1995.0000000000052
6238,1784.1796875
22003,5787.209302325578
6895,5551.724137931039
46594,8679.744525547447
34805,9870.967741935478
21595,7667.763157894738
33071,9216.15720524018
1073,875.0000000000008
11740,6402.439024390238
16694,4599.173553719015
24658,8276.470588235288
20048,5591.715976331368
3454,8215.540540540545
639,1285.7142857142858
18982,5289.179104477612
5701,3108.552631578954
6587,4274.999999999993
13604,3812.347188264053
11302,2274.064171122996
35774,8939.189189189196
7605,2257.9646017699106
9128,3432.692307692309
16515,6933.014354066992
26194,6423.529411764707
3656,1050.0000000000005
23779,8708.823529411762
25045,6068.485523385305
22381,5046.116504854367
19150,10634.61538461538
49520,9617.256637168146
26259,9700.33112582781
33074,5863.317757009351
5863,1831.3953488372117
49633,9852.7397260274
4099,802.083333333333
24135,11456.36942675159
27455,9884.164222873898
8717,2723.684210526321
23148,5378.048780487799
15022,5985.000000000001
6404,7419.999999999998
5654,5855.187319884724
6552,3149.9999999999995
5535,4161.371237458186
21216,8384.892086330929
57209,12860.091743119268
30422,7496.394230769223
7529,2970.285261489693
9000,6706.730769230771
20363,6983.49056603773
38744,8637.931034482759
9878,9831.210191082804
24031,5785.714285714283
35206,9340.116279069776
36182,6116.504854368935
12731,3841.4634146341423
41799,8250.000000000002
5820,1852.941176470582
13081,9870.967741935478
8614,2032.2580645161272
546,2091.176470588228
9895,3023.9999999999995
53211,10720.059880239518
16178,2344.5709281961467
1268,1312.4999999999995
822,1260.0
20147,5173.913043478257
15288,3121.6216216216185
14801,9407.718120805372
619,942.307692307692
4966,8087.83783783783
31369,8367.1875
15233,7947.781885397419
10447,4156.250000000002
1546,1040.0943396226414
554,1804.687499999995
4556,2344.5709281961463
6610,5331.712062256807
11684,9152.830188679243
525,1369.565217391304
59254,11931.81818181819
27403,6604.838709677413
198,821.0900473933642
22020,9017.17557251909
32690,11108.443708609271
40704,11360.655737704918
48241,10367.47572815534
38885,11687.383177570093
41279,11098.68421052631
10105,1634.4339622641446
11420,7542.253521126765
34179,10519.589552238804
2071,3127.920560747656
32269,7875.0
39003,11970.0
21118,12444.444444444436
12050,4056.818181818189
4328,2032.2580645161268
3677,1607.142857142863
35055,8701.657458563539
46601,11928.571428571431
8587,3652.1739130434703
20159,9398.148148148146
56589,9950.980392156858
5943,6130.872483221478
7488,11961.232604373765
15666,5322.115384615386
3478,3865.9090909090833
32680,8725.257069408746
197,924.7706422018346
44566,8338.235294117641
19391,10698.11320754717
7294,2010.6382978723395
6800,1910.8455882352985
2032,1640.6250000000052
1195,1610.7954545454502
28881,4474.431818181817
5987,7312.499999999995
8681,6052.9411764705865
52503,11124.535315985138
46205,11098.77800407332
21546,10762.499999999996
19291,9190.58823529412
7204,4937.837837837845
1026,1721.999999999995
22425,11270.642201834857
17560,5046.116504854367
21580,9905.660377358492
25635,4941.176470588229
24219,9319.526627218936
26311,8555.182341650674
6080,4691.489361702129
21369,4704.54545454546
40400,9450.0
11358,8999.999999999993
392,955.9248554913296
24408,3776.0252365930655
5546,1633.817427385894
31916,9273.36448598131
27419,5466.176470588239
8041,10125.000000000002
35112,8825.431034482759
13848,10772.405660377352
21012,8087.83783783783
31018,8823.095823095819
1255,5049.742268041238
42091,9775.862068965522
19482,5783.898305084743
22362,7875.0
27510,11016.393442622946
22674,6447.65625
256,1553.5714285714284
741,814.6551724137935
17540,8312.500000000004
29055,8365.384615384612
2380,1874.999999999999
12775,5021.739130434784
14967,9152.830188679243
10840,4697.896749521991
461,1055.0239234449768
32978,8154.822335025382
473,1361.4406779661017
42914,12236.538461538465
29778,6276.315789473688
68,1124.999999999999
8136,5419.745958429558
13615,3634.615384615389
32000,11454.545454545449
54380,11346.77419354839
29795,8588.028169014086
14748,8953.31950207468
51221,11063.14878892734
14059,7703.8043478260915
10077,3340.9090909090887
10783,3598.060344827587
63056,12115.384615384612
8664,8750.000000000007
63854,11549.999999999996
267,799.4923857868027
4963,2394.0
42336,8547.10144927536
16282,3445.3125
20915,12419.354838709682
15369,8947.18309859155
12910,4451.086956521742
2242,1040.7488986784138
22572,8110.074626865666
13625,6214.285714285719
49058,10867.5
1320,1485.849056603773
22377,9843.75
11051,1621.323529411761
8038,2739.130434782611
23294,10776.315789473678
33834,9673.2283464567
3545,2009.2592592592537
26233,9829.379562043796
1404,2304.8780487804856
11002,3169.2073170731715
5710,3223.9932885906005
7198,5605.932203389838
9084,1177.0462633451953
35947,5551.229508196728
726,1544.1176470588232
6192,4295.45454545455
44711,10030.051150895144
20574,4389.344262295083
20394,7639.925373134334
46868,11289.823008849551
34799,7810.714285714289
2923,1317.4904942965777
1978,889.1129032258062
37936,9775.862068965522
17326,10676.1744966443
30553,6517.241379310348
52902,8437.500000000005
3769,3222.972972972979
6284,2717.4969623329293
39802,11170.704845814978
22749,9348.02158273381
47135,11484.375000000007
32616,8015.624999999993
51679,12491.379310344826
16936,2941.2650602409603
8099,6204.545454545455
576,2034.521158129173
31040,6659.819639278566
15381,10869.71830985916
455,949.7487437185922
9801,5830.110497237575
31292,7037.234042553193
905,1822.3140495867767
54291,9795.73170731707
10420,6940.677966101696
9878,7087.5
28713,11003.424657534242
36889,7060.344827586214
5728,2746.441281138786
3453,1293.4782608695652
36824,9341.090425531918
28680,11587.500000000004
27885,9795.73170731707
6986,6750.000000000007
9957,2498.7980769230744
47289,10874.999999999993
49518,7622.519083969467
37074,13677.631578947368
43814,10404.54545454546
533,880.1470588235298
22420,6582.0895522388055
15936,7149.671052631584
2065,2187.500000000002
6186,3032.608695652179
192,1761.5131578947387
41403,8697.215777262185
43117,11549.999999999993
4563,3825.910931174089
49236,12946.335078534035
18531,4460.176991150449
5101,5824.2187500000055
4813,2923.652694610777
25597,9496.32352941176
19323,5087.885985748219
25931,9958.913649025062
14749,9551.020408163262
924,901.2261580381472
15636,7325.5813953488305
6032,2446.335078534034
18972,8451.21951219513
44736,8315.517241379313
31918,9565.950920245396
19600,7382.812500000001
58071,10723.404255319145
3655,1133.9999999999998
5533,1220.0704225352115
1740,1302.246093750001
9091,3551.4705882352887
5100,1897.104049205542
20549,6999.999999999992
14560,9423.966942148763
9813,12125.000000000002
15614,6517.241379310347
10499,6842.213114754102
31437,11318.319838056672
18113,4603.846153846149
19910,6659.819639278565
36559,8855.87188612099
46523,12464.028776978415
5863,2863.6363636363662
28679,9496.32352941176
17259,12513.698630136976
24902,10261.363636363629
6696,2816.2251655629207
27308,6276.315789473688
44696,9792.496171516086
15479,4754.716981132073
370,881.5931108719055
4208,2922.680412371129
13487,2773.584905660384
17968,10103.77358490566
16821,8701.657458563539
38139,6198.795180722891
4358,3749.999999999999
35127,11020.538243626064
11709,5784.292035398237
15709,4924.84894259819
25340,6737.500000000004
18455,7875.0
2482,1615.384615384622
17387,12554.34782608695
1088,1518.0722891566263
8307,4115.322580645158
7205,1646.590909090916
3883,1490.740740740741
1302,992.1259842519688
213,875.0000000000007
30629,5885.526315789478
23190,5553.947368421046
20939,7087.500000000001
838,1999.352331606215
11246,5671.745152354576
30352,6176.470588235292
28114,5964.497041420118
29416,5388.157894736846
9741,2940.000000000005
33113,10766.601562499998
9627,3998.70466321243
24878,7042.067307692314
7260,7825.781249999999
3498,2377.358490566037
36008,11617.021276595737
28155,7335.616438356161
38355,8122.197309417041
31558,9860.294117647056
2110,2222.392638036816
15264,4807.894736842108
41766,8031.456953642383
30551,8820.0
1005,1272.7272727272723
33425,9352.827763496138
2596,1631.2500000000066
14649,6575.242718446605
11390,6834.905660377353
5888,3682.835820895518
660,1019.5312500000008
41715,7674.54545454545
15923,6022.058823529418
14628,7932.989690721647
7743,5451.923076923075
48146,10728.260869565216
42914,8424.41860465117
32543,10118.951612903227
4495,4643.814432989688
10912,11953.846153846154
23906,6911.500815660689
18804,7343.841642228739
23175,8259.640102827761
21271,7610.738255033556
12895,7070.564516129038
1174,1325.495049504951
4053,1544.1176470588234
35385,8795.992115637326
49014,12587.954110898652
1560,2887.499999999994
14169,7272.935779816507
27671,7171.719955898572
20356,10080.0
16634,7077.531645569621
17940,6128.404669260703
3401,1749.999999999998
5207,3157.51789976134
643,2113.1484794275434
32535,9372.699386503062
27495,7188.461538461531
14034,3733.069977426636
27743,7579.225352112671
31141,11235.342019543976
34603,7783.430232558141
3484,1642.6380368098105
11611,4593.750000000005
616,907.068062827225
12649,2723.684210526321
30207,7436.440677966096
9300,5188.775510204087
6776,1968.75
30003,11079.941860465113
18412,6260.869565217398
14002,3994.019138755972
18564,5901.639344262302
50120,12567.525773195875
26888,7875.0
2807,905.544147843942
26840,7431.635388739951
23967,3561.76470588235
34037,8999.999999999993
29927,8278.84615384616
7356,4442.307692307691
24551,8736.792452830181
26679,10948.170731707314
29875,10837.155963302755
39331,9532.894736842109
26276,7089.879154078555
25940,8807.565789473678
2191,1161.8852459016396
14548,5721.618953603163
2672,1722.65625
16875,8845.890410958897
22096,5365.384615384622
37621,5767.605633802824
37009,7628.90625
17619,4973.684210526324
17891,7958.480565371018
26405,10391.752577319592
1281,3413.793103448269
4114,4034.4827586206848
15539,7691.447368421051
774,887.323943661972
30225,11300.847457627116
31264,11587.500000000004
9557,5943.396226415099
22638,9191.80327868852
1004,824.1279069767436
885,2304.878048780486
8115,1874.9999999999995
570,1050.0000000000005
10070,2734.3749999999977
3361,2571.428571428571
13875,5249.9999999999945
1482,1141.3043478260868
10096,10093.92265193371
16440,4921.875
64769,12658.878504672894
14057,4067.307692307688
49125,11134.88372093024
27767,7102.941176470592
35164,8842.105263157897
32285,6125.000000000001
25586,7529.605263157887
24805,10367.47572815534
42600,11996.4953271028
568,1610.7954545454504
40879,8113.636363636361
32254,9843.75
16840,7068.897637795271
1425,1307.95847750865
159,954.1382252559728
28498,8662.500000000002
237,837.7659574468082
4290,1118.8524590163931
7345,7875.0
489,2759.818731117824
21551,6521.484375
18128,7503.537735849064
574,889.1129032258062
15296,3374.9999999999955
28965,8809.322033898305
28538,5790.441176470582
20225,6927.385892116188
20207,6828.671328671336
1469,1510.2739726027394
14547,8939.189189189196
38767,10912.500000000002
42118,11572.580645161295
42705,12651.639344262292
9773,6999.999999999992
7918,5230.627306273057
705,940.0121802679654
19921,6863.128491620108
1215,1453.8461538461538
36459,9286.556603773586
2384,926.470588235294
39111,11572.408536585372
26002,8217.391304347833
2165,2117.213114754103
6661,2872.641509433958
2978,984.375
22460,9356.435643564357
30782,7364.788732394367
23987,6130.872483221478
25771,7226.470588235299
30585,9636.075949367088
31979,7757.462686567168
25449,3671.052631578943
8155,4485.759493670879
3203,1823.684210526323
37729,10524.53271028038
15466,4356.382978723404
22330,4830.000000000005
19578,4875.000000000008
39680,8768.918918918922
6809,1912.9554655870525
34510,9990.997229916897
22261,3668.478260869564
24354,6505.434782608703
8798,4449.152542372886
2288,1458.3333333333337
547,2090.707964601764
7092,2660.4729729729743
19508,3660.211267605632
31470,10991.150442477874
35646,7650.000000000005
6883,4500.000000000005
31026,8212.062256809342
18080,3667.80821917808
58896,9903.930131004368
1218,1722.65625
1879,1188.6792452830184
9434,5180.921052631585
28829,5938.524590163936
26584,6226.744186046506
18803,7566.176470588233
36897,9870.967741935478
4896,3004.0106951871608
48864,10371.9512195122
15938,2914.9253731343338
6519,9629.146919431274
49687,7610.738255033557
25140,12256.578947368427
30780,6865.384615384617
38210,7840.369393139838
40765,9086.538461538465
14470,11081.586826347311
5055,3246.183206106876
45929,10917.613636363634
12136,4599.173553719015
4489,4353.2608695652125
31767,7978.618421052631
900,891.5094339622648
34434,9041.666666666664
12040,6684.146341463415
37951,10073.86363636364
37623,5545.774647887322
34990,10738.636363636368
25851,6761.499148211236
30042,12533.450704225354
29038,6663.461538461538
46628,9719.330855018588
41743,9926.470588235292
1229,7516.551724137934
9941,3977.272727272735
58025,12854.032258064524
23669,6626.101321585904
456,1458.3333333333337
422,1211.5384615384614
5017,1581.7307692307622
17782,6031.914893617016
21234,6685.251798561148
23797,5670.0
5696,10892.523364485982
22014,3686.170212765952
31396,6940.677966101696
1297,1280.4878048780488
11715,2551.6759776536387
400,1314.648117839607
9372,3270.91091377828
21682,4772.727272727272
13806,3543.75
36069,8016.129032258072
34055,5640.202702702701
117,957.3529411764708
43530,9450.0
14457,8073.226544622419
22162,9638.059701492542
28242,11064.873417721516
16509,6072.289156626509
3921,7247.787610619462
7377,2286.2903225806504
12204,3475.352112676054
39880,9236.84210526316
10081,4295.45454545455
10852,5503.551136363633
43820,8169.786096256686
14832,3857.1428571428487
51476,12862.500000000004
20337,6330.143540669855
12144,6171.630094043883
2840,4324.79508196721
31377,6443.181818181817
904,1936.8932038834928
12986,8602.941176470587
3065,1475.72402044293
6089,2128.3783783783765
906,2838.6627906976764
33011,6521.484375000001
28558,8840.32258064516
14883,8685.185185185184
44817,10074.898785425105
35932,10164.536741214057
3640,1027.1739130434778
15399,4080.6818181818167
18471,8675.13368983957
37934,10146.067415730337
35890,6505.434782608702
25584,6433.098591549295
22157,9982.394366197175
19002,5188.235294117641
48047,9386.00451467269
20665,4750.819672131146
2022,787.5000000000001
261,984.375
14454,6842.213114754103
15402,4431.3559322033925
15246,5603.365384615388
29131,8809.322033898305
50493,11325.84269662922
1249,2595.1704545454504
14685,3813.157894736847
18555,8264.851485148518
14476,2887.499999999994
464,1396.5517241379316
323,1253.3156498673736
26369,9017.17557251909
15570,6470.070422535216
19881,4921.875
24679,11045.45454545454
22849,6736.994219653174
561,1608.8709677419415
48811,9538.96443514645
27754,11071.782178217823
39878,10125.000000000002
23627,11398.026315789475
5740,2401.345291479813
22457,6006.976744186042
41340,10500.000000000004
50301,11906.250000000002
255,902.5787965616051
3793,1243.4210526315785
26376,6165.697674418601
33364,12183.962264150938
61263,12687.500000000007
22282,5736.75496688741
17307,11711.538461538466
3044,1720.5882352941242
9111,1806.1926605504616
12483,3247.8813559322075
47741,10738.636363636364
349,969.2307692307688
3523,2941.26506024096
9178,7973.4375
33917,13650.000000000004
180,1254.4247787610614
21532,8276.470588235288
2155,1831.3953488372117
425,1607.142857142863
2436,2406.250000000003
3518,1221.9827586206893
10315,7382.8125
7857,4946.014986376022
30805,6317.307692307691
40902,8648.437500000002
275,807.692307692308
1478,1198.3695652173908
59690,11764.285714285714
42567,13727.064220183487
3748,972.2222222222224
41951,9088.932806324106
26217,8490.234375
8789,4670.689655172414
2402,1404.2168674698796
26733,8367.1875
39948,7587.591240875909
27195,7650.000000000005
11439,2099.9999999999945
13417,8963.414634146347
5069,2665.384615384612
9192,5213.222416812611
11985,5173.357664233585
10407,3553.537284894838
43181,10506.570713391737
20204,7397.727272727277
33891,12203.853955375258
3580,2193.0379746835456
20267,9881.691648822269
30841,9565.182829888716
851,1350.0
29569,10022.727272727268
239,1076.9230769230771
26810,6517.241379310348
42382,6885.678391959795
39876,12033.294392523365
42434,11273.076923076927
5254,4099.315068493155
40819,6850.609756097562
5367,5578.1250000000055
799,1290.102389078498
19758,10641.891891891895
41862,11117.647058823535
45229,10066.62735849056
30995,8637.096774193555
27988,8583.75
391,1286.7647058823536
58400,10785.326086956518
29752,8220.731707317074
28129,11282.234957020062
7441,6247.206703910607
7740,3126.1814744801445
402,905.544147843942
24913,6517.241379310348
29053,11849.999999999996
14718,3117.187500000005
38948,5545.774647887323
10838,5718.152866242032
1201,1016.1290322580652
4613,2591.7721518987264
9155,3629.0322580645193
95,1465.1162790697676
9862,4580.677290836649
3601,1523.2664233576647
34332,9666.66666666667
15474,4778.089887640451
63344,11953.124999999993
18936,5075.447570332476
30464,5553.947368421046
2588,2172.4137931034543
2089,1817.3076923076865
10615,3551.470588235288
2385,4859.042553191484
11150,3346.8750000000005
41018,11360.655737704918
13495,4070.224719101127
6214,1841.7338709677456
7133,2907.692307692313
4697,2581.9672131147518
5638,11437.499999999998
8695,4201.6006097561
8786,4928.571428571426
27466,5195.026178010475
10006,3379.310344827585
17820,4691.489361702129
7791,3462.284482758628
8281,5340.51724137931
7993,3702.496954933003
16932,6282.548476454296
8102,8117.307692307686
18746,6304.216867469878
11171,2250.0000000000023
21996,4703.619909502269
18751,4754.716981132073
53918,11812.5
10190,9537.848605577692
43733,8826.086956521744
47486,9339.473684210529
17677,4394.021739130438
1890,1340.4255319148936
17769,4616.379310344826
25396,11467.461340206191
17459,4452.531645569616
14684,5933.219178082187
33061,9083.096590909085
15705,4613.636363636365
7356,4160.37735849056
5341,3327.692307692303
26461,3849.999999999993
1888,1279.6875
35555,9743.023255813958
10198,3666.66666666667
9570,2456.730769230769
16082,3208.333333333338
3009,1340.4255319148936
9527,2187.500000000002
7264,2501.4705882352987
12062,4913.649025069632
10462,4605.595667870039
45370,11835.98409542743
616,1016.1290322580652
5007,1544.1176470588232
38932,8444.680851063824
23560,11436.486486486485
812,1177.5700934579436
35776,10675.000000000004
1824,2808.487874465044
30859,5787.2093023255775
68949,11408.65384615384
31399,6576.923076923084
5075,1234.326018808778
723,1166.6666666666667
8744,2396.7391304347784
17744,9565.182829888716
2864,945.652173913043
2118,2327.3195876288664
779,1349.9999999999998
46487,9692.307692307686
56665,12970.588235294115
1391,2213.5135135135206
5808,7422.413793103448
5272,4258.928571428568
24923,9885.638297872338
14662,7220.769230769223
4815,4451.086956521741
26381,5986.425339366521
35663,8532.5865580448
37153,11025.0
3631,976.7441860465118
50284,11676.72413793104
30628,8891.129032258064
110,2665.384615384611
26999,7096.837944664032
35843,10344.674556213024
42006,11143.867924528306
3400,954.5454545454544
33917,12434.210526315785
2548,1801.1968085106448
4884,2145.652173913043
13525,6114.7058823529405
36686,9927.526595744675
1552,859.6920923722876
31803,7247.787610619462
11420,4914.0
21216,10500.000000000004
11920,2713.4831460674222
28291,6788.793103448281
731,1016.1290322580652
43947,12418.269230769223
12905,5049.742268041238
2828,1195.312499999999
779,960.3658536585372
6796,997.6415094339624
8936,3666.666666666671
11063,3911.764705882346
30791,8241.279069767435
645,5461.055276381917
31014,6894.578313253008
47588,10381.690140845072
3951,2571.428571428571
48707,10200.000000000004
489,954.5454545454544
38583,10437.869822485203
33541,8370.629370629364
27134,4928.823529411761
8423,2598.214285714289
1520,1157.1428571428569
2855,2551.6759776536387
8701,7222.375690607732
39596,8178.663239074551
44462,9187.499999999996
10877,3684.210526315793
19530,5195.876288659795
4085,3374.999999999995
32439,12044.117647058822
4730,1697.604790419169
63848,12038.793103448275
21233,4697.896749521991
5650,2625.000000000005
2378,2423.076923076926
10706,10050.0
9786,4921.875
16482,6003.00902708125
26299,8999.999999999993
6176,2233.2089552238745
38055,11970.0
11679,10617.97752808988
14429,6276.315789473689
32951,11209.459459459464
7325,6699.626865671638
27006,9236.84210526316
1513,1968.75
30666,5678.289473684215
8500,3810.4838709677465
14897,6367.021276595742
9455,2912.109374999995
24792,6761.499148211235
3374,3701.25
602,8671.348314606741
11119,3659.340659340665
30325,7980.000000000006
4760,6890.625
25761,8714.999999999995
27012,5613.461538461533
6176,2032.2580645161272
18190,3564.473684210523
36715,10259.999999999993
32765,9985.90504451038
1022,1374.1610738255035
38918,8750.000000000007
26790,7247.787610619463
39165,11249.999999999996
46119,9295.081967213107
1581,1039.0624999999995
8593,1898.2084690553668
814,3331.730769230777
24509,11563.2911392405
43836,10121.757925072045
12952,2742.1875000000023
32528,11117.647058823535
32507,11073.144104803494
33407,11454.54545454545
44505,11812.500000000002
7819,3708.448753462598
43806,12658.878504672892
7632,11031.938325991188
7827,4182.203389830512
5505,6750.000000000007
865,976.7441860465118
22824,8667.159763313615
17490,3792.233009708735
46504,8738.709677419349
28033,7226.4705882353
31185,11312.639198218258
8751,9936.695278969955
36345,9187.499999999996
2176,2019.230769230766
18072,4607.280927835048
26503,7242.7007299270035
13554,4269.578313253019
15362,4703.619909502269
24412,7792.105263157891
2407,5839.887640449445
36580,11695.121951219517
33999,9947.368421052632
10799,8021.739130434777
5244,1841.7338709677456
45575,12419.354838709682
58806,10935.58951965065
2350,8854.477611940296
4445,7322.87822878228
2316,4913.461538461539
56627,10910.614525139668
21163,6172.297297297299
9492,4615.116279069759
7467,832.3170731707324
29058,10274.4140625
11678,4127.005347593577
4169,3937.5
1749,1509.374999999999
21832,11168.181818181816
5580,3208.333333333338
12690,6606.042654028435
49712,10800.000000000007
29349,10750.000000000007
4495,9118.421052631584
13972,6385.1351351351295
5088,3278.810408921933
9800,4039.009497964728
26284,8052.631578947371
32594,10781.879194630876
3951,3535.7142857142803
16792,4442.307692307692
4849,882.0
25046,8684.57943925233
14296,4176.51757188498
13115,3504.1866028708146
18175,5767.605633802824
17562,10104.838709677426
3633,3984.939759036144
41050,8940.133037694017
4498,3744.1860465116206
36085,10867.5
15685,5249.9999999999945
19494,8547.10144927536
37320,10298.076923076926
1485,1911.849710982656
33986,10571.266968325795
32056,4964.673913043481
25203,9968.354430379744
35001,9450.0
5367,3039.4736842105285
12881,5238.122171945701
28686,10092.85714285714
5220,1040.7488986784138
11720,3652.17391304347
5899,3733.069977426636
43935,10675.000000000004
22521,4921.874999999999
12413,3249.999999999995
47045,9527.777777777774
10750,5616.279069767447
22670,9170.886075949364
3991,820.8469055374591
21838,7504.41176470588
26215,9658.26446280992
17543,5906.249999999999
10072,5349.620493358628
40959,8320.754716981135
34914,12587.954110898652
27571,8323.170731707323
50887,10250.000000000004
9208,3045.317220543811
3399,1822.3140495867772
56441,12454.295154185022
699,963.4308510638292
36730,11594.91978609626
272,1316.4179104477612
17449,12256.578947368427
46642,9324.386503067488
18369,3614.754098360648
8090,2812.5000000000077
16063,3953.974895397481
31820,3813.157894736847
37168,11077.751196172254
26641,9895.800933125964
382,949.3150684931502
3690,8531.250000000005
27039,8169.786096256686
12089,3246.183206106876
20589,6696.85039370079
38223,9056.25
20258,7674.545454545451
31242,6681.818181818177
507,1003.6764705882346
50732,8685.661764705881
8412,2250.000000000002
18611,5120.370370370366
7336,3732.227488151663
6701,2717.4969623329293
9900,7461.6712707182305
5541,2877.4038461538503
17759,4210.396039603955
29462,8054.657794676807
9634,5936.332767402381
36922,5331.712062256809
445,1040.7488986784138
12418,4485.759493670878
27225,5915.49295774648
40607,7783.43023255814
23640,7749.335106382984
14573,6276.315789473688
25081,6953.285420944553
54039,11953.124999999993
22013,7335.616438356162
4610,1387.931034482759
23631,8221.153846153848
4082,2282.608695652173
47111,12941.082802547771
53379,9870.967741935478
295,7906.374501992032
28615,6817.80821917808
31797,13149.082568807342
23310,10991.150442477874
279,1016.1290322580652
8840,2574.519230769223
6814,2250.000000000002
34663,9534.124629080115
37131,10776.315789473678
31082,6025.167785234904
9723,5099.137931034489
19416,9936.695278969955
2413,1957.6271186440604
7939,2377.3584905660364
15179,2250.0000000000023
18970,3812.347188264053
18990,5021.739130434784
5520,2941.2650602409603
1459,1592.6966292134837
3687,1936.4754098360631
31308,8262.29508196721
16929,4500.000000000005
42762,10997.844827586214
3371,2982.9545454545387
629,1675.531914893613
4402,3028.8461538461497
21278,7306.701030927838
5211,2358.1005586592105
31422,11685.483870967746
17823,9857.913669064756
4698,2362.5
5804,1431.8181818181815
22308,8692.622950819674
26888,10720.059880239518
37225,8758.536585365859
36273,8062.500000000001
28980,9993.103448275868
6032,3847.328244274803
8190,3161.0915492957797
55201,11670.18072289157
4464,5817.56756756756
6679,3720.0920245398784
37100,9423.966942148769
4885,3181.818181818181
23351,8599.693251533738
2651,1423.728813559322
4653,5849.999999999993
23923,7335.616438356162
24257,11462.041884816748
14265,4824.32432432432
11784,5903.585926928282
877,804.7445255474453
22094,10158.284023668632
52785,11385.542168674696
9706,11711.538461538466
18351,7487.70491803279
2951,2034.3750000000052
504,1083.1784386617098
8459,9357.142857142862
21607,10547.511312217192
18914,5478.260869565222
15926,6011.450381679388
39183,9727.35849056604
30288,10276.875
18100,5495.744680851064
49118,9843.75
33379,7261.976047904188
45444,11226.92307692308
54030,9086.538461538465
16316,11009.328358208952
1610,1797.5543478260918
1087,1091.5841584158416
10770,9815.21739130434
41455,10627.765486725664
1325,1646.5909090909165
19985,11931.818181818193
1627,5540.858725761781
21567,7176.03550295858
5298,3715.817694369969
3511,1473.6842105263158
2052,1305.248618784531
9333,5592.105263157889
4750,992.1259842519688
4374,2486.8421052631543
34028,7094.192634560904
29976,6283.678756476681
16859,5572.481572481576
27636,9623.076923076924
37000,10786.36363636364
8590,2887.499999999994
14937,7419.999999999998
579,1211.5384615384612
37745,11605.263157894738
49447,12004.658385093171
25575,6447.65625
48767,12206.25
24097,5906.25
4568,1835.526315789479
42918,9743.644067796607
438,1633.3333333333378
30138,7481.249999999999
3568,1991.3793103448213
22703,8195.12195121952
12777,5529.871323529418
9558,2835.0
32743,5388.157894736846
46353,8625.83148558758
6769,902.578796561605
23173,10500.000000000004
12329,5924.999999999997
2168,2290.909090909084
45280,9674.332344213655
4621,2020.2879581151903
50702,11171.846435100544
18732,8490.234375
32714,10903.846153846149
45002,11408.108108108105
29039,7875.0
8248,3586.153846153851
53731,9597.65625
23409,10080.0
24303,8119.186046511625
11964,6050.847457627119
3972,1854.8553719008216
23989,7994.577006507594
30636,5461.055276381916
31328,9060.674157303378
17133,7761.690647482008
38768,9264.70588235294
39161,12626.304801670143
2185,2994.140625000005
1503,1029.4117647058822
24172,3227.0642201834817
18038,3705.882352941179
33380,7266.891891891886
33062,10089.84375
1259,1968.75
26150,8276.470588235288
17447,8396.139705882359
10889,6370.786516853934
14864,5075.581395348843
28284,5424.273858921167
30307,8076.92307692308
22332,8278.84615384616
21003,5717.465753424659
9113,6902.777777777784
12396,5159.482758620695
5646,2333.333333333332
3042,5729.94402985075
558,1305.248618784531
782,1898.076923076931
5408,9390.566037735856
18588,10967.277486910987
18711,8485.239852398532
42789,12183.08823529412
6646,2889.053254437872
4386,2443.5483870967782
13376,7532.608695652168
5402,3705.882352941179
42673,9821.2927756654
28822,5995.161290322587
15401,7812.992125984248
4888,2625.000000000005
36286,6639.013452914797
24488,10569.078947368416
21790,8355.916030534348
6004,5678.571428571431
694,931.6081330868764
17999,6402.439024390237
23684,9107.14285714286
2996,1227.272727272727
54139,9922.01834862386
3085,2123.5955056179723
20557,7875.0
872,2185.4066985645927
15237,7875.0
8538,7419.421487603302
31366,5717.465753424659
29815,5269.848771266541
37596,7911.971830985921
6983,1778.225806451619
43213,11062.846580406658
10221,2393.6170212766037
38954,8134.951456310679
21250,7842.32365145229
11691,5833.333333333328
7962,2399.0066225165565
19821,8027.419354838717
17742,9746.926229508188
14234,4886.138613861383
6565,3888.888888888896
41996,11461.043872919814
5350,1492.1052631578957
27436,9216.15720524018
29134,6631.578947368415
7823,2174.4402985074576
27115,6473.926380368097
2011,1003.462603878116
23790,7220.769230769223
6484,3186.266447368416
27096,9187.499999999996
582,1029.4117647058822
2135,1806.1926605504616
18485,10446.96969696969
47864,9407.718120805372
28761,9859.25196850394
32088,11039.719626168218
13632,4182.203389830512
3966,2750.0000000000064
39748,11702.689243027888
10084,9013.55421686747
1201,1384.6153846153848
6374,2751.2130569034034
4090,3052.7965284474426
13410,8953.31950207468
28441,10204.225352112677
5800,4735.294117647061
10189,11196.428571428576
43433,10382.022471910115
2886,2099.9999999999945
18198,5379.401408450706
16093,3573.529411764706
43817,7900.159744408947
34618,6837.962962962963
45666,12044.117647058822
14170,10018.749999999998
15575,5783.898305084743
22774,7420.673076923075
9519,6300.0
7303,984.375
18609,4080.6818181818167
13673,4552.023121387276
26473,11143.053016453388
24328,4793.478260869572
33514,7374.999999999995
56388,13379.03225806452
15538,7217.08860759494
19001,9785.50295857988
11704,11931.818181818193
14232,5173.357664233585
27048,6631.578947368415
20348,8556.490384615387
40180,8852.1897810219
31724,6120.731707317077
18025,8665.662650602404
34472,7322.368421052625
4186,1417.4999999999998
33964,9268.269230769223
18607,4470.524017467244
2820,4295.45454545455
345,936.4864864864873
21751,9571.823204419888
20507,9286.127167630051
29371,7626.315789473677
47944,8571.902654867248
37173,11605.263157894737
2314,1593.7499999999973
11388,3445.3124999999995
49616,9666.064981949465
44432,12193.548387096778
12501,5926.54639175257
1209,2432.432432432425
3708,3405.4054054054027
16827,6012.448132780089
4829,2415.2151639344243
31712,6610.103626942998
2705,1536.585365853659
23116,9407.718120805372
27849,11298.91304347826
48736,11695.121951219517
5600,3674.999999999995
18409,5095.588235294121
37368,7220.769230769222
11945,3886.36363636364
11056,8701.657458563539
30606,4452.8795811518285
5287,2915.16709511568
22908,9276.483050847462
24381,11687.383177570093
9857,2402.542372881357
21817,6428.571428571422
6728,5776.11940298507
19393,4384.0206185567085
30408,4952.319587628871
38469,8233.812949640293
19691,6039.171974522296
10829,6902.2058823529405
21018,8296.0396039604
23582,5717.465753424658
31203,8842.105263157897
41354,9249.999999999996
41567,10161.29032258065
18134,8474.184782608701
26823,10092.85714285714
8175,9327.356557377045
29221,6550.884955752212
31352,10075.367647058822
36938,9214.285714285712
33745,8008.064516129028
4283,787.5000000000001
39493,8830.543933054398
29028,10434.375
386,1092.8571428571424
34191,8293.47826086957
18945,5249.9999999999945
33062,11467.461340206191
19543,7420.673076923075
38433,12044.117647058822
46114,10710.0
28302,9905.921052631584
4654,810.6617647058821
881,1035.4671280276816
20155,6455.983493810183
12591,7248.579545454549
39586,10233.69565217391
32020,8341.121495327103
872,973.3146067415736
45140,10768.825301204815
15637,5210.526315789475
37499,11928.571428571431
42025,11133.620689655174
1002,1211.5384615384612
11604,2926.229508196721
26014,9755.067567567565
43150,11249.999999999996
3698,3251.34048257372
13161,3126.1814744801445
23481,9754.261363636368
46277,11037.909836065566
6276,2221.7868338557973
25116,8377.659574468082
40258,11508.278145695367
26774,8427.631578947374
8739,4509.911894273131
25947,6155.172413793096
454,2656.626506024101
36943,9829.379562043796
19862,10999.999999999996
1851,1720.5882352941242
4231,1421.0526315789468
28363,7215.859030837008
32789,10521.64948453608
1148,5617.132867132873
11861,3848.011363636366
16160,5775.000000000005
606,1260.0
21947,11572.408536585372
16160,3834.782608695648
4157,3249.999999999995
25321,6324.045801526719
4954,5328.693790149885
41612,12041.424418604647
15134,3862.0689655172464
37839,11312.63919821826
37914,7964.488636363633
32105,5985.74821852731
10136,4169.117647058821
2130,2649.999999999996
10426,10305.555555555557
52365,8915.094339622648
31949,11301.526717557254
17457,8105.263157894741
22902,11025.0
828,1431.8181818181815
1474,3271.153846153851
30275,8296.0396039604
48591,11049.41860465116
19979,7705.035971223019
24027,7911.799065420563
31118,5444.444444444444
6606,1328.3132530120488
43624,9526.829268292686
24903,7639.925373134334
2614,1124.9999999999995
9594,3923.0769230769215
19611,5361.702127659581
6852,3256.329113924056
24892,8754.888268156432
9712,7372.340425531918
2804,1660.079051383394
588,1586.901763224178
6704,2117.2131147541027
48660,9450.0
18393,11325.84269662922
21218,9764.251781472689
42309,10631.25
15685,5991.847826086963
11450,4569.444444444438
3431,2958.563535911597
34329,11360.655737704918
351,961.8320610687016
52153,10102.796052631584
40349,9843.75
2027,1936.4754098360631
28470,10103.77358490566
3333,1581.7307692307625
1104,1418.918918918919
5076,3259.88372093024
10557,4863.970588235299
39137,11294.407894736849
427,1722.6562500000002
28598,7875.0
11529,4108.6956521739085
32668,9037.974683544298
20843,9843.75
15810,9450.0
12160,3937.5
8730,7622.055674518194
17951,6398.4375
29217,11520.142180094786
25122,6777.2727272727225
46104,12357.692307692314
29101,5263.601036269432
35612,10828.125000000002
14533,2304.8780487804856
1598,1114.6153846153852
8623,4493.382352941179
29246,6586.363636363633
18152,4607.712765957452
4061,2028.4090909090944
13411,4859.042553191484
37935,7445.45454545455
31126,9118.421052631584
6410,820.8469055374592
3930,1708.726415094342
63434,11970.0
9882,7159.090909090916
10184,5785.714285714282
668,848.0769230769224
12149,3193.0523917995465
10731,7532.608695652168
11954,7812.9921259842495
12438,3717.153284671528
39457,6398.437500000001
1027,987.6237623762376
1624,1230.46875
15112,4758.992805755396
12146,8399.999999999995
9733,3311.915887850472
40117,10550.000000000004
20604,9122.950819672138
3897,3522.493573264779
39231,11812.500000000002
12609,3732.6589595375694
28400,8108.910891089111
461,4979.779411764702
1838,2423.0769230769256
10188,10728.260869565216
41524,8826.92307692307
1229,1518.0722891566263
2867,3211.9856887298674
25605,6130.8724832214775
13520,9746.636771300453
17716,12475.247524752474
18928,6300.0
6085,2377.3584905660364
5225,1536.5853658536585
1085,811.8556701030926
2962,1621.3235294117612
17809,5794.314381270907
16060,2659.090909090912
31276,12960.583153347738
4584,1631.2500000000064
45407,9642.85714285715
37341,6670.588235294119
31763,8903.716216216211
17634,6913.636363636364
14808,8220.731707317073
55095,11488.235294117643
19568,11090.23668639054
21254,6933.014354066993
7126,958.695652173913
30407,6713.114754098356
665,887.323943661972
36578,7419.700214132755
27313,5592.105263157888
47944,10139.484978540777
6248,3728.79858657244
39188,7628.90625
30315,9286.556603773586
30997,10597.222222222215
4547,1453.8461538461538
7691,2946.5478841870886
26402,7716.44295302013
19545,10074.898785425105
21831,7546.875000000005
38205,9167.461832061068
31683,12119.318181818177
3181,2489.100817438699
21402,5756.249999999994
5328,1458.3333333333337
20443,5382.911392405061
13090,5283.8709677419365
30489,5767.605633802824
54471,11624.999999999998
6798,2753.0487804878094
1919,4274.999999999994
26081,4941.176470588229
5978,6460.455764075071
3219,1601.694915254233
22636,7577.830188679243
3186,800.8474576271179
12521,7671.58671586715
32745,11970.0
53889,10770.739910313894
58620,12028.846153846158
30825,11564.999999999996
483,889.8305084745758
12527,3957.831325301207
31341,9969.414893617017
7894,2879.664179104472
10529,2677.5
14376,2721.204188481681
8891,3127.920560747655
10566,3854.0462427745742
12180,2887.499999999994
780,1745.5414012738852
15870,5232.730263157893
21333,6443.181818181817
45543,13468.393327480244
25808,11531.578947368414
541,887.323943661972
38561,8392.453798767965
8358,4872.302158273388
21971,10080.0
11812,3808.8235294117626
7794,2274.064171122996
495,1103.5031847133753
44450,8241.279069767435
40682,11174.311926605506
1767,1226.0479041916165
23893,6808.357348703174
39825,12554.34782608695
7320,7691.860465116282
36530,10000.000000000002
26213,7249.999999999995
40492,9532.894736842109
3167,1491.1242603550284
60152,9688.322368421046
19798,9041.666666666664
47361,10560.34482758621
16249,3847.1311475409807
3227,2816.225165562921
18357,10837.155963302755
10419,3888.888888888896
6462,3016.79104477612
2493,3140.410958904113
28242,7922.155688622755
10567,5238.1221719457
37759,10570.945945945943
24480,10691.343963553538
45666,11563.2911392405
37019,7922.155688622755
2056,2250.0000000000023
3283,2591.7721518987278
13432,8405.048076923074
25685,7046.052631578955
47863,7859.942638623322
1721,2625.0000000000045
25693,11360.655737704918
37026,7318.6141304347775
21661,9565.182829888716
846,1995.4751131221792
8589,2520.0
6922,1744.830132939432
6111,2337.328767123284
4000,2319.7674418604597
2433,2853.658536585365
47374,9692.307692307686
26291,10152.892561983475
2431,3656.2499999999977
29502,6477.822580645159
1076,954.1382252559724
12255,7323.529411764704
22901,6853.907637655424
18412,5558.82352941176
21936,9614.263803680986
21975,9968.354430379744
10500,4709.558823529408
3329,1640.6250000000052
361,1365.6069364161845
29903,7466.666666666664
42498,9282.608695652169
27774,6163.043478260869
42389,10676.966292134824
10290,7510.604113110546
10057,6693.750000000002
4294,3667.80821917808
58732,13829.26829268293
10191,6409.88372093024
874,1396.27659574468
5825,9550.531914893612
4335,1919.6675900276964
5666,2915.16709511568
3041,1517.201834862385
50618,12126.106194690266
7208,3423.913043478259
31686,10765.15151515151
11351,3785.407725321888
9584,2873.310810810804
10170,4261.764705882359
11894,9409.090909090904
493,1145.454545454545
31288,7646.739130434788
58190,10164.536741214057
471,2589.0410958904167
38095,10295.833333333338
12371,10371.9512195122
21817,5414.0625
35380,5249.9999999999945
1541,1111.7647058823522
2587,2746.4412811387865
49821,10730.769230769223
5843,1617.7625122669292
11718,10343.283582089556
47521,10111.764705882351
18356,8357.142857142855
8508,2563.953488372099
48013,11478.813559322034
5308,1741.206030150746
53047,10101.265822784808
19649,5344.765342960286
22000,5044.117647058826
18236,9344.497607655509
18715,7494.827586206894
2098,1632.304299889746
384,1865.1315789473692
32279,7656.249999999998
11440,3399.779735682813
69227,12587.954110898654
73661,11294.407894736849
50907,10521.64948453608
29296,6786.585365853652
33533,10355.625000000002
19393,8338.235294117641
22273,13247.66355140187
29809,7314.853556485363
557,1225.0000000000005
32353,6768.776077885945
6063,11785.955056179777
36171,8665.662650602404
10641,2403.0927835051566
46486,8648.437500000002
11497,8014.380530973455
830,1124.9999999999995
1043,1376.2135922330094
31778,5859.375000000008
14363,6460.455764075071
21099,6583.601286173632
10681,6622.159090909084
25027,7411.764705882358
31922,5839.887640449445
31978,9216.15720524018
28129,7008.373205741627
26649,11970.0
4231,810.6617647058822
23271,9187.499999999996
24483,11634.422110552756
2961,787.5000000000002
703,1914.36464088398
16719,8091.17647058823
18684,3493.838028169015
17978,6391.3043478260815
55179,9124.999999999996
21490,5351.94174757281
306,940.2985074626858
23237,6300.0
28927,8300.675675675675
119,1893.987341772152
21993,10874.999999999993
30514,9153.30661322646
19479,5388.157894736846
28445,10724.50657894737
42643,10268.722466960357
11910,4268.691588785054
16021,11108.443708609271
26182,10388.29787234042
42275,12554.347826086949
39307,9578.947368421052
10142,6130.239520958091
32821,7411.764705882359
42712,8554.568527918776
5562,3180.288461538463
23786,6899.336283185845
613,1631.2500000000066
19608,6022.058823529417
35457,6842.213114754102
1184,940.0121802679654
23349,4856.628242074928
6572,2909.824046920822
8248,4108.6956521739085
18088,4269.578313253019
16145,3984.939759036144
7429,2403.092783505156
15825,3865.0306748466255
26279,12071.546052631584
33568,11187.93103448276
41327,10627.427184466018
6154,2245.3512396694155
52950,11169.881305637984
14394,4225.609756097557
678,6717.579250720463
6582,11723.684210526317
3425,5044.117647058826
5693,2994.515539305302
2071,951.9230769230765
13388,5365.384615384622
40933,10540.384615384612
5192,1953.8352272727227
11524,4580.35714285714
3921,3150.0
18782,6291.66666666666
314,813.3802816901407
1033,1038.461538461538
53823,12303.191489361696
13507,10396.551724137937
13506,2520.0
16852,5156.583629893243
4826,4425.619834710742
4691,2075.5813953488355
30194,13299.999999999993
15343,3720.0920245398784
5425,2355.1401869158904
32256,6875.634517766501
24656,6750.000000000006
9949,5062.499999999994
21920,6999.999999999993
23775,5088.461538461538
2110,2370.145631067963
8772,2925.000000000004
3932,4662.828947368415
60420,11835.984095427428
3701,1796.0526315789436
51730,10261.363636363629
13437,7087.499999999999
37093,10982.623318385657
12483,10956.521739130429
47972,10677.966101694912
3773,2362.5
16324,4276.685393258434
14728,4733.606557377055
3502,899.9999999999992
41486,8972.727272727278
5268,3335.2941176470595
4543,2255.9681697612727
504,1211.5384615384612
12507,8984.154929577471
8867,5906.25
19095,8113.636363636361
4578,1924.563591022448
28165,8247.047244094481
16711,7900.159744408947
15678,5285.958904109583
21276,8235.542168674694
11662,2395.437262357419
2382,1648.255813953493
1264,2250.0000000000023
10944,2032.2580645161268
28380,6220.5882352941135
40785,5784.722222222224
18492,7335.616438356162
44264,10578.358208955224
37135,12134.564643799476
23706,5369.318181818183
8715,8156.250000000003
13651,4540.540540540535
10290,5784.292035398236
263,1016.1290322580652
5075,1592.6966292134837
19895,10723.404255319148
20354,5585.463258785943
1301,3596.45669291338
39450,8490.37372593431
51292,10344.279661016948
2152,2807.4018126888245
8927,2034.5211581291728
32444,6508.264462809921
5237,2647.058823529408
54222,11346.774193548392
48577,10345.588235294112
11781,2926.2295081967213
20464,8863.117870722428
11852,4415.887850467291
13707,10106.154406409323
30280,7319.502074688804
33059,11056.291390728473
2240,3507.44680851064
41115,7560.0
3192,3002.697841726611
9389,4300.847457627121
25509,12365.32951289398
3608,1119.668246445497
3130,966.6064981949468
59435,10730.769230769223
14890,5336.065573770487
24109,9692.307692307686
26197,9122.727272727268
31246,9065.000000000007
4698,5263.601036269432
23841,5767.605633802824
13120,6022.058823529419
7634,2930.2325581395357
34877,10259.999999999993
27405,6580.47945205479
10414,3211.985688729867
19957,7511.538461538463
42945,9298.192771084345
10621,11298.913043478262
22258,8067.073170731714
3776,10765.82278481012
31892,8807.565789473678
36395,8708.823529411762
38384,8384.892086330927
20392,5940.789473684205
46375,7350.000000000005
6629,2213.5135135135206
6186,1490.740740740741
4671,2214.84375
44461,10018.749999999998
37750,7159.090909090916
1025,1581.7307692307622
11182,3172.131147540978
17125,10102.796052631584
742,2290.909090909084
2735,1128.2234957020062
801,1000.0
15318,11906.250000000002
257,828.9473684210523
14048,7919.241573033709
51213,10066.62735849056
26853,11812.500000000002
28207,7322.87822878228
20533,8919.902912621354
65845,8902.173913043482
28775,7819.148936170216
6271,2456.730769230769
37029,7875.0
8766,7359.813084112146
52145,11994.230769230762
65433,11670.18072289157
2779,2201.612903225804
3184,1985.2941176470556
3506,2604.330708661411
18307,8568.65284974093
39172,9506.756756756762
41645,10962.000000000002
9607,11397.668393782378
5453,2555.309734513279
6955,3294.412607449861
49455,11671.87500000001
13368,4721.223021582738
4756,1909.0909090909056
32880,10340.537383177563
32486,9857.913669064756
8467,1453.8461538461538
35187,8683.78378378378
2409,1954.379562043797
13997,8199.152542372885
45900,11652.675276752763
23571,6914.6341463414565
46811,9532.218597063622
38964,12704.41988950277
35053,7839.366515837104
8910,9017.17557251909
52344,8835.365853658543
5216,2540.3225806451587
15119,2949.6466431095423
805,1621.323529411761
3558,1732.4999999999998
35522,9532.218597063624
7706,2180.769230769224
10228,5351.941747572809
2312,1359.712230215828
36673,6594.0000000000055
12730,9191.80327868852
11937,7248.579545454549
28215,10426.05633802816
51714,11300.185873605951
20998,11025.0
3322,11102.45901639344
33631,8265.95744680851
66424,9069.312796208533
2393,1657.8947368421077
27157,11276.264591439687
22407,8498.20143884892
13620,3659.3406593406658
32349,7973.4375
16115,3671.7791411042913
21003,7258.695652173908
13115,10723.404255319145
7717,2872.641509433958
43559,8321.044921875
14487,3634.615384615389
16513,12183.08823529412
30420,7471.153846153841
6843,1243.4210526315785
55730,11019.334532374098
32760,6582.0895522388055
8606,4410.0
48510,9069.312796208536
1546,1564.5695364238416
25710,7026.315789473679
10116,3596.830985915496
15706,5043.103448275856
43292,7536.809815950916
41084,10779.7131147541
20451,9405.477031802118
22709,10311.88925081434
22413,12418.269230769223
23791,6223.170731707315
25122,7249.999999999995
34678,11937.319884726216
384,984.375
284,1640.625000000005
3113,2286.2903225806504
23446,4701.492537313431
16040,3937.5
6827,5401.859504132229
4001,1461.3402061855672
27504,10300.173010380617
10572,3315.7894736842154
25955,6717.579250720464
40113,7419.999999999997
15881,2992.4999999999995
24103,4460.176991150449
54206,8868.243243243242
3730,863.9240506329116
27219,10960.051546391756
20821,7741.525423728822
2860,1874.9999999999995
31926,5291.338582677168
357,2855.57432432432
57515,10574.999999999996
40453,8775.659824046923
22789,10162.344398340252
46415,9092.465753424653
15938,4334.862385321099
25761,10712.550607287449
25500,11994.23076923076
2359,1157.1428571428569
29499,10641.891891891895
34480,7749.335106382984
19410,6717.579250720464
14146,8227.6119402985
2045,1722.65625
9145,1947.1153846153904
2954,1936.0465116279047
16880,4530.337078651682
265,1134.0
30651,8076.923076923082
15606,8238.461538461537
28161,8707.31707317074
45546,7875.0
39457,8795.992115637326
21795,6803.254437869815
1634,9856.132075471704
5630,3705.8823529411793
6656,1559.405940594059
21327,6914.6341463414565
21171,10574.999999999996
863,1112.5827814569536
28045,9553.278688524584
621,995.6896551724136
21620,7875.0
22457,8973.107569721122
18053,6455.983493810182
56930,9728.32369942196
1883,4761.627906976746
8533,6329.439252336454
32821,11340.0
31378,7269.230769230776
11046,4182.5726141078885
49292,11456.36942675159
41912,8259.146341463415
51296,12317.307692307691
13508,8037.03703703703
41248,10330.645161290327
20444,8122.197309417041
420,1138.5542168674692
18293,10371.9512195122
14332,4474.431818181816
7537,3322.265625
55489,13212.765957446813
961,1832.082551594741
178,804.7445255474452
4484,2085.365853658537
21162,5593.965517241371
8528,4434.466019417469
4703,1492.1052631578957
40158,8039.748953974894
17698,5845.744680851061
38038,7875.0
3749,1749.9999999999975
4869,3864.130434782604
23023,10676.1744966443
8467,3808.823529411762
1377,1423.728813559322
40298,8539.156626506021
6375,2357.1428571428537
42546,9843.75
17079,8942.796610169498
18981,3157.51789976134
11024,9814.365671641792
38458,8777.343750000005
7639,12048.75
15584,5361.702127659581
43561,11240.663900414933
37548,11025.0
4039,2090.707964601764
4082,2590.4605263157846
32495,7952.970297029703
23221,8590.909090909083
3524,2286.2903225806504
8295,6300.0
26559,8797.297297297304
36189,6523.66863905326
36616,8307.692307692301
24425,11837.579617834394
25474,10635.309278350518
35741,8532.5865580448
5153,6300.0
42788,9039.940828402365
812,793.3333333333338
27495,6443.181818181817
1423,2649.5327102803813
695,1243.4210526315785
23419,8459.36395759717
44278,9666.66666666667
38394,11076.923076923073
19229,5859.375000000008
4830,2268.2555780933003
16089,4460.176991150449
8951,4781.250000000006
6469,1317.9916317991626
42601,10381.690140845072
8958,7123.674911660779
19970,4605.595667870038
14397,3207.0135746606265
22352,5551.229508196728
28854,8665.662650602402
16728,4609.756097560972
33090,11812.5
31816,9061.643835616444
5598,3246.183206106876
41005,13089.812332439682
25337,9676.47058823529
23051,5155.4054054054
7225,4099.315068493155
3996,1771.8749999999998
48525,8437.500000000005
362,1098.8372093023256
9450,4272.606382978726
26233,5931.490384615384
43609,9705.405405405403
22513,4530.821917808213
56198,11812.500000000002
2454,1401.182432432433
51356,11052.631578947365
35276,8000.000000000001
1080,2217.5090252707614
37030,10766.94915254238
41143,11628.504672897196
20211,4509.336099585066
60291,13039.534883720928
18353,4641.065830720999
25287,7910.313901345296
10503,8215.540540540545
50904,11064.873417721516
44495,12028.846153846158
19198,6880.2631578947385
34628,7350.000000000005
21206,4529.411764705878
2508,1828.6516853932635
12082,3612.385321100923
13548,3596.45669291338
16931,4073.275862068959
47875,12272.727272727268
34223,8873.89380530974
24510,4114.466292134835
26905,11419.708029197076
31167,10500.000000000004
3821,969.2307692307688
2118,1897.8873239436548
46592,11036.783042394009
4647,10763.819095477393
23265,6593.023255813957
309,1211.5384615384612
62120,11785.955056179777
7202,1111.7647058823522
32500,10018.749999999998
53725,10073.170731707323
10704,2845.161290322587
4715,1499.9999999999995
27313,8784.653465346537
10239,11084.288052373153
44116,8794.416243654829
20501,5127.906976744183
1870,1361.6714697406348
20315,3967.5572519084
34975,8809.322033898305
539,984.375
150,1831.3953488372117
53770,9927.272727272722
34929,11645.45454545454
144,949.7487437185922
992,1369.5652173913038
21264,7749.335106382983
24404,6834.905660377353
24955,7799.999999999995
372,810.6617647058822
20375,6956.014362657097
3450,1293.4782608695652
17566,12800.353356890457
12200,4410.0
30276,9282.319391634976
8906,4021.929824561397
22891,11411.67664670659
17191,5102.1126760563375
24347,9109.979633401226
36351,8194.649446494457
7892,6696.107784431133
17473,10480.48327137546
985,997.7375565610864
2660,1890.0
31254,5990.38461538461
997,1453.846153846154
7659,3490.056818181816
9738,6443.181818181816
30747,11186.915887850471
3489,1149.3243243243248
14681,7805.921052631575
54067,12464.570063694264
29119,8621.052631578954
5005,2513.297872340419
33421,8383.064516129032
38187,11993.723849372393
27372,9039.940828402368
19115,3834.782608695649
37960,7676.21359223301
3288,2571.428571428572
1242,998.2394366197176
319,993.7858508604212
24678,7875.0
16785,4593.7500000000055
12068,2958.563535911597
36819,11419.708029197076
19116,8250.000000000002
21855,8842.105263157897
2547,2419.4277108433685
47914,11143.053016453388
2427,1406.2500000000002
15284,5867.647058823528
3284,2355.7692307692378
35382,6102.3985239852345
21785,10388.29787234042
25138,9065.000000000007
5772,1594.9367088607578
5159,5213.222416812612
3789,2446.601941747577
3957,2227.859778597784
23980,7008.749999999999
6460,4979.779411764702
39213,11531.249999999998
3137,888.4615384615383
9449,3590.073529411761
18622,7147.05882352941
1179,1387.931034482759
3198,1959.1463414634145
29359,8531.250000000005
13475,4841.052631578954
5644,2250.0000000000023
29814,6982.499999999995
12864,4114.466292134835
9315,1591.4634146341402
4227,3108.552631578954
23466,7951.954397394137
11261,3592.105263157887
32385,6285.874439461885
18700,5509.717314487627
7141,2563.953488372099
9373,12312.845303867403
12772,2495.901639344258
19442,4946.608040201007
28076,7846.153846153843
17711,6786.585365853652
44133,8293.47826086957
26397,4182.5726141078885
1066,1076.0869565217388
14519,3351.063829787242
6533,1817.3076923076865
1367,2611.398963730568
5062,2748.3221476510066
4127,2353.448275862072
33728,8797.297297297304
16841,4156.250000000003
383,1188.6792452830184
4905,3261.013215859035
19111,9065.994500458288
37010,9843.75
9668,3345.132743362825
5292,1539.4736842105256
15711,8823.795180722895
20180,5216.172680412366
9935,2855.57432432432
16526,5600.000000000007
10905,5583.6120401337785
21661,6968.18181818181
47439,10227.272727272722
758,1172.8723404255322
21075,10976.036269430058
693,1821.891891891897
22662,6594.0000000000055
18539,10675.000000000004
496,960.3658536585372
11635,2915.16709511568
15646,3607.929515418496
13741,7566.8478260869615
26575,9582.969432314409
22262,10085.846867749422
23851,8396.139705882359
18760,4924.778761061947
29614,10480.48327137546
41930,7439.114391143903
17297,5423.638132295712
31143,5316.878980891721
1202,2625.000000000005
11568,3674.999999999995
6410,7275.815217391297
19003,6681.818181818177
7332,8648.437500000002
25374,7269.230769230777
14116,9907.258064516129
33984,10933.25242718446
32158,8989.0243902439
26614,6880.2631578947385
17535,5095.58823529412
897,828.9473684210523
12431,7667.763157894737
26807,5789.189189189196
15756,11698.918269230777
14689,7306.701030927837
15150,6522.727272727269
19113,5770.992366412213
742,1170.6081081081077
13622,3294.642857142861
2897,3170.792079207916
20911,6691.176470588243
19396,4274.999999999994
426,848.0769230769224
37710,9426.136363636371
10471,2333.333333333332
49173,10281.250000000004
8652,1799.9999999999957
5071,2647.058823529407
44230,12401.23456790124
10027,6764.42307692307
2937,2666.9329073482413
11127,3792.2330097087342
46667,9092.465753424653
45219,8590.909090909083
13554,5532.352941176475
10377,4127.005347593577
1522,2201.612903225804
1329,1636.363636363638
41532,10164.536741214057
24464,9717.223650385607
53014,9968.354430379744
14451,5294.491525423721
14125,3253.521126760568
1436,2688.1838074398192
1154,1119.668246445497
26124,9180.000000000002
16461,4258.928571428569
23335,5156.583629893243
460,11199.008498583577
19024,11270.642201834857
23631,8568.652849740929
3449,1531.7955112219454
7856,3705.882352941179
761,1207.3170731707323
45291,11671.875000000007
13197,8250.000000000002
2040,2739.1304347826103
1206,1234.326018808778
20100,4218.750000000003
29699,11269.396551724132
42106,13372.641509433965
17863,6300.0
10617,2994.5155393053024
22778,9299.999999999993
31124,7159.090909090916
2343,1876.0387811634316
649,1349.9999999999998
27231,6476.277372262772
12789,10422.79411764706
29990,7278.409090909088
18422,7620.967741935477
181,1369.565217391304
36847,9545.454545454544
7861,1920.7317073170711
8534,5998.157248157249
10812,5802.631578947369
21667,6878.571428571428
31803,8321.044921874998
14966,4324.79508196721
11694,1326.3157894736846
28491,7216.98113207547
35925,7285.714285714279
7858,2979.729729729727
15059,3754.3604651162814
17500,10161.29032258065
850,1899.8054474708135
35179,9086.538461538465
16221,4841.052631578954
19304,10935.589519650648
8452,1801.196808510645
3760,1600.6097560975672
9880,4383.254716981134
27858,8236.238532110096
19818,6844.936708860752
3489,3425.981873111784
7233,5431.034482758628
20221,3671.0526315789434
20038,9152.830188679243
5850,3579.54545454545
32895,10728.260869565216
14345,4429.6875
18086,5325.539568345328
3681,2779.41176470588
43922,7840.36939313984
53626,11723.926380368091
1423,1742.2566371681469
33338,10639.07284768212
7135,3312.93103448276
9564,4282.894736842113
42114,11273.076923076926
5662,1453.241895261846
3005,1581.7307692307622
39071,10390.909090909094
42124,10146.067415730337
19182,9614.4578313253
21638,8624.207188160677
19833,4735.29411764706
30360,9772.590361445777
22898,9240.000000000004
46595,12661.764705882351
15869,10161.29032258065
4056,2250.0000000000023
2210,1387.9310344827593
17353,4014.705882352945
6163,4875.000000000007
19659,5539.655172413785
29467,9312.043795620442
11045,2501.80505415162
2563,1799.9999999999957
22194,9974.999999999996
30755,5078.271028037382
39279,9947.368421052632
36578,10077.014218009472
49653,11526.536312849155
30481,9600.325379609549
10695,6890.624999999999
3150,2423.0769230769256
22642,6234.3749999999945
1701,1304.1401273885344
19509,4585.443037974682
42957,10036.76470588235
29449,7159.090909090916
41788,9709.95145631068
10123,7875.0
47686,10874.999999999993
1332,1385.6304985337242
36114,9985.294117647056
57643,11184.039087947884
39298,7376.582278481015
31060,11072.727272727272
40994,8939.189189189196
15891,2423.0769230769256
15284,5216.172680412367
11705,5483.33333333333
4021,1211.5384615384612
563,1211.5384615384612
14987,3652.1739130434703
26856,8027.027027027032
3816,1401.6393442622953
27090,5046.116504854367
1133,1968.75
5061,2270.270270270268
4545,11163.793103448268
38106,10669.354838709682
8524,3446.4705882352987
36731,10557.6923076923
6357,2264.705882352947
28157,8307.692307692301
7391,807.6923076923081
1608,1651.2096774193492
26323,7177.215189873424
233,942.307692307692
17843,8188.953488372097
36676,7686.602870813403
24801,8083.609271523183
8211,5369.318181818183
5560,3707.8833693304464
17548,5158.0560420315205
428,1706.896551724135
15758,5021.739130434784
313,1473.0215827338127
27261,6120.731707317076
47513,9212.264150943389
33287,7466.666666666665
2558,2484.060402684562
25159,11018.240343347645
35797,8732.67326732674
15006,6883.543165467622
46476,7691.447368421052
18696,4588.582677165349
1360,1720.588235294124
16093,3414.335664335668
7377,6968.181818181811
532,1324.7663551401872
14143,13019.153225806447
7011,5798.076923076921
25792,8806.204379562045
26353,8221.153846153848
5299,1596.7741935483923
5676,4076.4705882352982
31909,8689.655172413786
12169,7511.538461538464
163,1194.0433212996384
36356,6198.79518072289
25850,7875.0
32379,8264.851485148518
17441,8801.470588235301
37258,9985.824742268042
8101,790.5405405405406
4305,1852.9411764705817
27835,10500.000000000004
29031,5078.271028037382
17975,6443.181818181817
16962,7399.328859060405
562,1651.2096774193492
31946,12228.260869565212
17094,4479.357798165142
16192,4118.832236842108
57902,11754.424778761068
24439,6476.075504828795
33385,9815.21739130434
7269,2772.0
21847,11426.470588235288
47253,9435.483870967742
34349,8550.000000000004
23624,7840.369393139839
42177,11723.926380368091
34454,6500.000000000004
16347,11171.511627906972
361,4750.819672131146
33171,8807.565789473678
2327,5509.2592592592655
27925,10597.222222222214
35871,9036.885245901643
10154,10116.498740554158
19437,11812.500000000002
8442,6470.0704225352165
13042,12265.909090909096
1749,1566.2983425414363
17817,13089.812332439684
27427,6443.181818181817
2485,1119.668246445497
24636,8119.186046511625
40636,8666.666666666662
41743,10228.44827586207
17773,6783.58208955223
37024,11351.351351351355
732,1396.2765957446802
38862,7405.263157894734
33474,10917.123287671237
11586,7717.5
27392,6416.666666666661
18309,10676.966292134824
39424,9829.379562043796
2404,2148.429833169779
52418,10524.53271028038
16226,5582.278481012651
4307,3605.421686746982
4746,5867.647058823527
43109,11793.838862559238
696,828.947368421052
36971,11284.793814432993
46154,9978.26086956521
16557,9289.745627980925
7604,6240.566037735854
4862,5798.076923076921
32577,8185.855263157893
34431,12347.036328871896
16202,5210.526315789475
31866,10148.195876288668
40614,9896.551724137937
8595,4758.992805755396
8153,2659.090909090912
5086,3728.79858657244
15279,9122.727272727268
14047,6801.136363636366
490,984.375
44342,11875.54585152838
14319,5646.226415094342
19097,9881.17870722433
35486,5099.137931034488
9337,6011.450381679388
21929,10404.54545454546
493,1208.333333333333
11564,5678.289473684216
20687,4114.466292134835
37952,10628.83435582822
3030,6579.113924050637
2571,1924.5635910224485
32994,4921.875
32848,12640.384615384624
18721,6482.849604221639
333,1792.9687500000043
36879,7487.70491803279
284,1349.9999999999998
10753,3681.8181818181856
1144,3324.282786885249
44427,7615.384615384623
650,1879.838709677413
12485,3157.51789976134
5980,1199.70703125
24284,8047.445255474451
16982,8942.796610169498
17910,7026.923076923075
8437,7875.0
15261,4799.556213017752
5390,1652.097902097904
6124,2591.5605095541423
3420,2468.283582089556
42675,8625.000000000005
41172,9302.88461538462
33962,7718.543046357618
10786,3462.284482758628
21356,4781.250000000006
10539,3028.8461538461493
15161,3346.8750000000005
41890,8531.250000000005
32138,5146.039603960401
632,1991.3793103448213
44173,10564.615384615388
55551,7735.207100591721
4580,4963.798977853496
19051,4807.894736842107
10464,3596.830985915496
5441,2468.2835820895552
49403,10339.694656488557
3391,1312.4999999999995
26855,7557.692307692308
30813,11651.486988847591
8614,3259.8837209302405
7152,2019.230769230766
1872,1719.1901408450735
34707,11071.32352941176
14365,4859.042553191484
27038,8325.000000000007
46723,10456.431535269705
45992,10903.846153846149
728,942.9611650485436
14795,3596.45669291338
10818,5867.647058823527
16311,5198.275862068967
30907,4641.065830720998
17489,7431.635388739951
6023,7374.999999999995
7595,2914.925373134334
23083,13134.90566037735
408,1072.580645161291
42680,12148.57744994732
13788,6251.288659793809
44512,9831.210191082806
37194,7499.999999999997
26480,11906.250000000002
21947,5435.840707964603
47517,11098.77800407332
45566,8942.796610169498
40232,8953.31950207468
6245,3465.0
30922,7233.333333333329
2049,5867.647058823527
27826,8556.490384615387
23523,7185.483870967741
16583,10768.825301204815
481,958.695652173913
10919,3214.285714285711
825,1461.3402061855672
9455,4452.8795811518285
41962,7551.369863013707
12433,2699.9999999999936
2654,1251.8796992481205
21244,9039.612676056338
2287,1654.6692607003915
26079,11509.615384615388
17811,5188.775510204087
1576,1634.1059602648934
33017,6447.656250000001
11496,5985.0
11508,3434.6758349705283
2823,7288.563829787226
26263,6606.042654028435
3732,993.57476635514
14586,7241.379310344833
7208,5770.161290322576
29893,6685.251798561148
12477,8086.6935483871
8393,2759.8187311178244
58134,11408.108108108105
2259,6443.181818181816
36435,12038.793103448275
57667,10550.000000000004
24147,11242.765273311905
5253,3586.6336633663414
3331,1243.4210526315785
45981,10036.76470588235
5403,7419.421487603303
23028,7608.050847457624
29271,9156.976744186042
25462,8485.239852398532
52224,9369.23076923077
9775,3989.999999999995
5667,2581.967213114751
26233,6031.914893617016
19067,7397.727272727277
3313,2180.769230769224
5492,2459.3023255813896
2342,2922.680412371129
34362,5957.253886010364
6549,1771.8749999999998
2013,882.0
32582,6198.795180722892
20156,5073.033707865176
17174,7038.716814159298
21554,8999.999999999993
43993,12425.313059033992
2410,1680.0000000000057
159,960.3658536585372
3657,4820.043103448281
15445,4108.6956521739085
25579,6127.521613832856
22099,7875.0
24619,10167.253521126757
16782,9099.264705882357
1169,934.3220338983052
7776,3108.552631578954
236,1629.3103448275867
9759,2685.245901639352
2856,2250.0000000000023
10741,4225.609756097557
1075,949.3150684931502
4783,5802.631578947368
29744,8527.36686390532
28783,3614.7540983606486
1483,1080.8823529411773
26216,9210.937500000007
24451,7094.192634560903
18884,5820.652173913038
42415,8939.189189189194
27558,9216.15720524018
1845,2060.1265822784803
3029,2344.5709281961467
17981,4824.32432432432
12790,4039.009497964728
19998,3841.463414634143
35105,5195.876288659796
5768,5591.715976331368
650,1008.0000000000002
4546,2598.2142857142885
11637,8845.890410958897
24525,10141.187050359717
661,1016.1290322580652
7077,2228.773584905658
28145,8117.307692307686
1205,1636.3636363636383
6730,3400.884955752212
11865,5423.638132295712
5828,6330.143540669855
27565,8895.19650655022
13604,11532.051282051278
5518,1040.0943396226414
44064,9204.545454545449
32640,6788.793103448282
13042,7176.035502958581
1362,1718.181818181817
1767,2999.9999999999923
17093,9907.258064516129
25759,6102.3985239852345
3706,1718.1818181818169
3603,2571.428571428571
12528,3971.153846153845
26583,9796.976241900657
45822,11143.867924528306
21480,11374.999999999996
1121,1783.0188679245234
26254,9389.423076923074
12508,6601.102941176478
6712,4827.889447236183
15454,5265.261627906972
12913,4614.649681528656
17771,5653.846153846155
34483,6085.227272727268
10136,6375.000000000004
26447,12669.741697416976
38100,8344.043887147336
41297,6642.85714285714
44505,10037.288135593217
37540,9065.000000000007
36381,11576.923076923076
615,902.8662420382165
18069,10053.19148936171
31953,6517.241379310347
568,794.7247706422022
23440,5102.112676056338
1219,1177.046263345195
11572,5054.651162790705
2487,1598.391089108903
5348,2486.842105263154
36610,9847.014925373134
11783,11385.542168674696
3181,2734.374999999998
6276,3359.999999999994
42361,9993.103448275868
26584,11644.54976303317
24638,10723.404255319145
30233,5389.999999999997
11763,8796.542553191483
22140,6279.85074626866
51773,11222.89156626506
16322,3923.076923076922
31719,9761.406844106468
40486,9479.508196721315
17919,5906.249999999999
14215,3488.2550335570454
33898,11751.063829787236
18328,5876.355748373098
3616,1154.9999999999995
27009,7875.0
17205,8232.95454545455
14437,8957.345971563975
16884,8429.577464788737
4180,2699.9999999999936
16119,11226.260257913247
3485,3507.44680851064
37728,10250.000000000004
41037,11157.831325301204
37197,7642.011834319527
22592,3917.098445595851
429,1102.5
13386,7624.2038216560495
11225,11504.347826086962
18882,5180.921052631585
19385,5563.306451612904
38303,11584.23913043479
18071,8134.615384615391
20040,6226.744186046506
782,851.351351351352
371,1124.9999999999995
6596,10281.250000000004
20012,3088.834951456311
26177,6583.333333333334
12497,3849.999999999993
4741,1707.8313253012043
17928,5188.235294117641
14845,6000.0
31337,10006.90607734806
32750,9267.26519337017
36526,11052.631578947368
24766,5548.29545454545
8863,3547.781569965874
12235,3660.211267605632
33120,9069.981149858628
11383,4100.591715976335
2890,7094.192634560903
851,949.7487437185922
826,6883.543165467622
4629,3994.019138755973
388,851.3513513513519
27337,5965.909090909095
15002,6031.914893617016
18778,9642.857142857149
782,1133.9999999999998
37248,6710.387323943662
3611,2121.060171919768
34772,8673.387096774188
18310,11397.668393782378
27964,6474.999999999998
1126,2740.963855421689
44951,9125.536480686693
6969,4043.131359851981
19447,9283.536585365851
17452,8934.210526315788
35262,9162.547528517112
909,863.7096774193557
2014,2128.3783783783765
39648,9460.396039603966
26528,5646.226415094342
21017,12401.23456790124
43285,9408.069883527462
41065,9884.164222873898
42949,10111.764705882351
7810,2616.771159874604
45216,11249.999999999996
5570,2099.9999999999945
7668,6803.254437869814
36207,9517.379679144384
27087,8532.5865580448
20717,8338.235294117641
32139,10883.611691022972
23858,10475.694444444436
39470,9657.4074074074
1516,2749.2603550295785
834,881.5931108719055
32839,6868.942731277532
14791,3440.273037542665
41287,9795.73170731707
33847,5990.38461538461
12341,11221.875
4156,4603.846153846149
1046,4039.563437926333
12173,6155.172413793097
36563,10258.223684210525
28430,6240.566037735855
32600,6156.818181818183
69178,11892.857142857136
11431,3700.301204819284
5943,5209.847036328878
40862,8919.902912621354
7413,1340.4255319148936
21887,10438.9534883721
28578,10161.29032258065
7674,4875.000000000007
22028,10714.833759590794
30404,7875.0
3592,3315.7894736842154
35610,8957.345971563975
3470,1807.377049180332
46950,11088.362068965514
337,1344.8766603415563
18261,6829.64601769912
7109,2809.4594594594537
12951,6999.999999999992
3294,8879.821958456978
18007,5931.818181818188
15847,9806.603773584902
11309,11143.867924528307
14551,7735.207100591721
22823,6710.387323943662
463,837.7659574468082
4166,4687.500000000006
37607,10106.951871657751
1522,848.0769230769223
26803,11309.016393442624
34891,11459.134615384624
13478,2155.021834061139
447,875.0000000000006
1528,1560.8108108108106
2054,2729.2418772563237
6222,7646.739130434788
24272,10692.073170731705
12585,9517.379679144382
53191,12044.117647058822
27221,10962.0
12238,3368.4971098265864
10598,9782.608695652172
8336,5324.999999999999
846,1863.905325443784
24746,5181.818181818182
30122,10080.0
3132,3214.285714285711
4879,1560.8108108108108
23303,6285.874439461885
52069,11236.280487804868
1145,1236.9109947643983
22588,6775.471698113207
27719,6443.181818181817
538,7570.441988950271
953,1369.5652173913038
33911,11012.195121951225
17744,3080.258302583022
24634,7610.738255033557
47505,9389.423076923074
31471,11562.138728323707
12769,5962.962962962956
18975,6865.384615384617
18050,5545.774647887323
3214,2281.034482758628
31448,11063.14878892734
9623,4708.762886597931
23194,7088.788870703757
18808,10768.825301204815
3395,2473.140495867772
7417,2520.0
1907,1290.1023890784977
35571,8726.35135135135
5717,3524.475524475528
4387,2377.3584905660364
1464,3157.51789976134
37511,9363.402061855662
31347,9856.451612903224
12134,5855.769230769233
16154,13364.882506527412
1560,1959.1463414634145
40334,8999.999999999993
11605,4509.336099585066
42018,10340.537383177563
1189,1286.4644107351216
11569,10443.669527896998
36855,9321.428571428578
22410,10162.344398340252
9945,4048.311444652912
34723,5781.6455696202565
22347,3700.819672131141
3453,1492.1052631578957
15703,6523.668639053259
26865,5820.652173913038
28735,8602.94117647059
31812,11598.837209302328
6321,2193.0379746835456
18109,5176.573426573432
13898,5906.249999999999
13744,4625.87412587413
13472,6589.540412044381
34892,12448.45360824742
35945,7676.213592233009
937,1926.258992805751
3814,3868.421052631574
2216,3499.999999999996
3986,3971.153846153845
3897,1446.428571428572
16779,4043.131359851981
31645,10974.734042553191
833,796.0288808664266
23258,7035.302593659942
9031,5749.999999999999
43493,8599.693251533738
1884,1634.4339622641448
3933,1396.5517241379318
11528,6583.60128617363
33398,12256.578947368427
24930,8714.999999999995
22379,12044.117647058823
46281,10590.517241379304
33976,10022.727272727268
17955,10752.403846153851
12895,5009.312320916904
20042,7119.195046439633
29385,9960.810810810804
20940,5355.0
28307,11918.918918918924
5071,1368.2432432432436
3176,916.6666666666664
16242,7853.773584905654
1109,2250.0000000000023
7240,9267.26519337017
28606,7258.695652173908
2847,1840.9090909090928
39010,8129.032258064524
25766,9749.999999999998
12417,6221.41372141372
11648,5503.012048192775
15348,4384.020618556708
16073,4534.090909090912
30456,6914.6341463414565
9778,5616.279069767446
2265,3398.684210526323
26401,8129.032258064522
10341,2446.601941747577
1854,4510.067114093956
45255,10728.260869565218
6245,3405.4054054054022
22277,10730.769230769223
24231,5088.461538461538
28696,8057.432432432439
40117,7505.859374999999
26825,6378.75
30558,11611.313868613142
3535,2602.0025031289115
21033,7875.0
20890,10791.666666666666
46504,11226.92307692308
56633,11504.347826086962
8988,8427.631578947374
44938,11703.12500000001
16635,8361.111111111108
7591,2688.1838074398192
22347,6989.644970414204
53367,12127.5
18707,11208.588957055208
3122,2571.428571428572
35293,12033.294392523365
50736,11379.58115183247
13397,3870.762711864411
9568,2099.9999999999945
35449,5327.2058823529405
286,1953.8352272727225
36020,10794.943820224717
27312,12357.692307692314
4727,3653.1728665207806
32411,11970.0
39654,11196.428571428578
33116,11419.708029197076
1658,1133.093525179857
20382,8784.653465346539
6021,4970.000000000006
16029,5040.000000000001
5851,3097.5000000000045
493,1216.738197424893
9636,3888.888888888896
47153,10872.580645161286
15636,10388.29787234042
41823,7853.773584905654
4265,1003.6764705882348
1480,954.5454545454544
1605,1421.052631578947
15908,5108.108108108103
646,2061.695278969956
29515,11970.0
3603,2796.728971962618
25621,6681.818181818177
40171,8195.12195121952
1158,1799.9999999999957
40329,11186.915887850471
948,1039.175257731959
5285,2848.404255319145
50154,11025.0
5807,1674.4186046511632
4636,1894.2093541202744
1269,2427.8656126482133
22739,4901.452282157682
381,1934.210526315795
9493,2779.41176470588
26247,8835.365853658543
34265,6153.973509933774
10053,3474.2647058823586
8147,5700.000000000001
3473,1881.5028901734088
15080,3414.823008849552
41843,12263.833992094857
1238,1538.3720930232564
25710,7394.817073170728
15009,10675.000000000004
24978,10295.45454545455
23467,9754.261363636366
28838,8320.754716981135
579,951.0869565217394
10469,4979.779411764702
9211,1607.142857142863
5428,2021.3903743315536
33082,10577.970297029708
18328,3629.0322580645193
10145,12326.08695652174
2522,2281.542056074764
38942,11398.026315789475
21705,8295.000000000004
19690,7920.114576702742
36544,10718.750000000007
30843,11849.999999999996
20623,9398.148148148146
42887,5936.33276740238
357,857.1428571428572
877,2069.343065693437
42460,12557.74962742176
46530,9737.90322580645
15500,6314.189189189191
40026,5678.289473684215
35570,8948.863636363634
15396,6562.5000000000055
34520,10261.363636363629
13321,2819.0661478599222
19743,5729.94402985075
21318,6503.225806451618
37364,9856.451612903224
14856,6842.213114754102
44271,10597.222222222215
10466,5329.901521933757
5016,1050.0000000000005
10356,3543.7499999999995
530,908.6538461538464
47050,10627.427184466018
22408,7204.787234042548
31795,8404.605263157893
4479,2863.6363636363667
20205,8490.234375
328,1025.0000000000002
252,1141.3043478260863
1090,1293.4782608695652
311,2008.3892617449676
13935,8826.92307692307
14727,4442.307692307692
4390,1980.5389221556889
6945,3413.793103448269
41340,7566.8478260869615
7554,2739.130434782611
37130,8821.993670886075
340,1453.241895261846
17798,2870.3271028037443
4988,7526.107594936712
54832,8845.890410958898
613,1520.2173913043482
14865,6473.926380368096
52103,10837.155963302755
1645,1473.0215827338127
3484,1761.5131578947387
51928,11001.83823529412
5206,2172.4137931034543
655,1076.9230769230771
16647,4813.953488372087
22270,5594.594594594591
7759,1749.999999999998
9291,11345.33898305084
7430,3700.819672131141
10529,8235.542168674696
12505,5378.048780487799
3944,5327.20588235294
5523,2863.6363636363662
14417,9071.691176470593
20628,5340.51724137931
920,1103.5031847133753
18892,4754.716981132073
35881,9152.830188679243
27488,7308.192955589584
32551,6149.674620390451
1542,1646.1864406779591
30298,8662.5
18602,5340.965346534651
47867,9719.330855018588
37684,10912.500000000002
26565,8258.108108108101
538,993.2432432432438
4592,8040.789473684216
15919,7413.516068052937
25780,3223.255813953493
48294,12779.069767441864
13133,2807.401812688825
24415,6639.013452914796
1529,1626.760563380284
13780,10036.76470588235
4324,2663.602941176478
21550,8040.789473684216
8053,3432.692307692309
28833,9319.526627218936
366,793.3333333333338
47426,12419.354838709682
16277,8047.445255474449
54259,12541.66666666666
21491,12271.875000000004
156,1270.161290322581
1099,918.7499999999992
24840,10420.797413793109
54851,8381.974248927041
34298,11035.249457700653
22281,4493.382352941179
12909,5637.5838926174565
22961,6441.489361702128
48774,12419.354838709683
32420,8900.968309859161
5061,4295.45454545455
13250,4067.880794701983
618,825.6880733944957
34223,5553.947368421046
35397,8794.416243654829
9058,3596.8309859154965
42888,11611.313868613142
6188,2465.217391304351
6642,11157.667386609068
3604,2222.392638036816
1581,1758.4951456310648
5046,2061.695278969956
227,993.5747663551402
3792,2124.177631578954
20278,8164.877300613495
1497,968.75
11231,5751.838235294125
8494,5725.420439844766
31182,7494.827586206893
25805,10723.404255319145
2386,987.6237623762372
20093,6540.254237288143
5297,1898.076923076931
39279,8999.999999999993
5561,1476.5625000000002
19013,4599.173553719015
5502,4451.086956521741
17263,1726.9736842105335
48349,11175.55147058824
11662,3291.0447761194027
37924,8315.517241379313
7972,5800.40322580645
27490,9156.976744186042
2255,921.9512195121958
26003,5446.8749999999945
54544,10787.67123287671
14721,9352.827763496138
12393,10738.636363636366
14126,4915.909090909088
7634,9889.53488372093
37003,9419.117647058816
22694,4108.6956521739085
19162,6575.242718446604
13117,6050.847457627119
450,828.9473684210521
2417,2304.878048780486
13891,11505.319148936169
11636,10418.47826086957
6392,2746.4412811387865
33015,10259.999999999993
35198,6347.01492537314
1114,1844.594594594593
13301,5767.605633802824
9605,3563.8686131386903
15380,4061.842105263154
11095,2468.918918918922
65741,10006.906077348058
33278,11249.999999999993
29030,9267.26519337017
17990,7251.237623762368
16913,4242.4242424242375
4570,2010.6382978723389
1757,1318.60465116279
14564,3690.5940594059352
38088,10808.823529411771
18958,11117.647058823535
25389,8533.864541832667
6643,2034.375000000005
25637,8699.999999999993
17397,3538.043478260865
37105,11436.486486486485
13816,7413.516068052937
1279,4630.434782608688
52291,8637.096774193555
2980,1369.5652173913038
528,825.76726342711
37555,7828.217821782178
19890,5635.321100917436
28549,9139.598540145991
45630,8559.782608695648
12302,2979.729729729727
17425,5073.033707865175
13638,3791.666666666671
38041,6663.461538461536
12386,3614.7540983606486
9338,3689.1891891891855
2353,2138.009049773761
27507,12234.374999999996
27920,8242.320819112632
18230,11687.383177570093
41119,8447.727272727268
33163,8695.312499999995
22951,10391.752577319594
1496,1846.905537459276
8101,10243.006993006986
19438,7737.911025145073
34299,9187.499999999996
5008,3383.6317135549893
25652,3833.524684270953
15180,4705.792682926828
58967,12001.5
7216,6455.983493810182
55151,11340.0
21453,10101.265822784808
174,3889.83050847457
9139,4318.548387096777
32740,9088.932806324106
9704,5149.038461538464
4862,2410.227272727272
1533,1491.1242603550284
21130,2999.9999999999923
39447,8474.184782608703
8373,7247.787610619463
11933,2976.0174418604647
2199,2592.751842751849
26343,5344.765342960286
36743,8966.814159292038
14685,4479.357798165143
50969,12252.878289473678
5901,3598.5915492957674
3496,5957.253886010363
28637,9100.000000000002
18824,5583.6120401337785
17451,4394.021739130438
12078,8932.835820895529
21037,8637.931034482759
12795,5075.581395348844
32441,7188.461538461532
14633,7600.928074245939
1078,951.0869565217392
41021,9636.075949367088
2905,1561.4224137931044
8200,2250.0000000000023
1987,11812.500000000002
6103,4460.176991150449
15700,4554.216867469878
311,1092.857142857143
15726,4394.021739130438
5057,1646.5909090909165
7131,2007.241129616216
15158,6759.955752212392
29686,8338.23529411764
39602,8624.207188160677
39515,10058.823529411766
51234,11459.216965742247
28663,8381.974248927041
14820,6999.999999999993
2372,2467.741935483877
38646,9491.721854304642
4686,2225.54347826087
15815,5213.22241681261
25411,6000.000000000001
27298,8384.892086330929
1146,1898.0769230769304
764,2349.022004889982
22294,8794.416243654829
12211,6258.124076809453
1601,1516.9971671388105
23760,6622.159090909084
12111,4160.37735849056
14864,4979.779411764702
16371,5901.639344262301
17286,6902.777777777785
5467,2197.674418604648
11848,4062.7208480565423
22730,9146.907216494854
2764,2514.7058823529337
11088,1909.0909090909056
47457,12533.450704225354
987,993.2432432432438
33205,7411.764705882359
1505,1561.9834710743808
7720,12344.5945945946
27249,8159.638554216875
24832,4746.57534246576
35890,7607.547169811315
51416,10960.526315789471
8486,2583.9843750000005
499,1920.7317073170716
8963,4377.878289473677
583,915.6976744186042
32269,11240.663900414933
37594,8902.173913043482
31483,6928.388746803074
6905,1968.75
223,1124.999999999999
26132,9086.538461538465
8294,6230.769230769237
331,787.5
28460,8418.103448275866
8092,4725.0
1905,1548.076923076923
25585,10675.000000000004
21971,8039.062500000005
3467,810.6617647058821
4391,1652.097902097904
17934,8628.58851674641
14742,7454.999999999994
3598,2250.0000000000023
18142,11970.0
41772,6975.000000000003
3251,1149.6350364963505
15595,7127.737226277364
37608,11062.846580406658
42079,11970.0
20172,9088.932806324106
28234,5388.157894736846
26593,3674.999999999995
4837,2554.054054054052
45220,5795.999999999999
8903,2802.4911032028435
64225,12193.548387096778
11724,8429.577464788736
7993,4924.848942598189
25913,9181.768558951955
12628,4043.9189189189233
26023,9049.34210526316
32653,9951.697127937334
8404,3068.1818181818207
21519,4274.999999999994
3809,1648.255813953493
7501,2267.0454545454554
10557,4609.756097560971
23649,10245.53571428572
12138,10036.76470588235
19468,7932.989690721647
254,958.695652173913
30725,10835.10638297873
2082,984.375
15330,8919.902912621354
9674,4425.619834710742
2929,3521.3414634146384
1431,1561.4224137931042
44050,9313.24850299401
6689,6644.53125
39803,9877.118644067805
38181,9187.499999999996
44578,11812.5
20959,5309.659090909088
14875,3249.9999999999945
6517,2808.487874465044
10768,2090.5283505154703
35177,9450.0
4498,1211.5384615384612
9235,8453.389830508475
1213,857.1428571428572
3662,2625.0000000000045
30186,11520.83333333334
17992,9636.075949367088
6679,8459.999999999998
10387,3048.3870967741905
20422,7047.945205479453
14782,11352.27272727273
52866,8583.75
34415,7215.083798882682
4696,3242.0769230769256
2519,2270.270270270268
1101,1817.3076923076865
36786,10161.29032258065
1865,1149.3243243243248
43735,12075.000000000004
788,2113.636363636361
9242,4674.657534246583
21714,7037.234042553194
13604,6268.656716417906
4661,1951.7291066282469
2847,821.0900473933642
13946,5422.13114754098
55716,12092.417061611372
7419,6702.127659574468
3829,2768.1818181818217
42088,8490.234375
28256,8994.078947368416
404,787.5000000000001
39397,6552.197802197807
9223,5589.770354906047
35412,5551.724137931039
16266,6255.3191489361725
24549,8220.731707317073
15492,4067.880794701983
14238,4580.677290836649
19310,4169.117647058821
19094,7662.162162162171
27662,9316.901408450703
27490,12118.876080691636
17667,8046.19565217391
31751,5717.934782608702
56170,10777.777777777785
9699,4700.892857142857
17269,8236.238532110096
38979,12644.366197183102
38529,9187.499999999996
30630,8405.048076923074
3885,2112.804878048786
39824,10164.536741214057
4392,3351.063829787242
22305,9987.804878048786
13369,5564.999999999995
8843,2580.508474576279
47502,10776.315789473678
52120,9977.98295454545
5712,1936.4754098360631
2268,2625.000000000005
40622,11127.133105802044
1590,907.068062827225
9334,10382.022471910115
19311,5064.977973568276
21994,3340.9090909090887
19432,9049.34210526316
47538,12089.51005025125
9137,2041.666666666672
2397,2440.7894736842086
2306,851.3513513513519
456,10197.115384615376
61123,11812.500000000002
32986,7980.941704035873
9452,3744.186046511621
39608,10125.000000000002
10153,4564.490445859869
27538,8842.105263157897
6022,3700.819672131141
6188,1592.6966292134837
26812,11670.180722891571
11099,7902.631578947363
26931,11340.000000000002
7832,3247.8813559322075
1282,2446.335078534034
7372,3039.473684210529
5076,6522.72727272727
24887,8716.745843230401
5714,1317.9916317991624
12326,3482.412060301508
16528,3102.2727272727275
19345,7306.701030927837
38787,8027.027027027032
2357,2470.5882352941144
5087,828.947368421052
2307,2734.374999999998
6994,2304.8780487804856
1867,1211.5384615384612
29138,5767.605633802824
431,1282.8054298642537
16436,4912.844036697245
54605,10728.260869565216
7844,2877.650897226761
23835,11035.249457700653
41467,8957.345971563975
5419,5521.2177121771165
32471,5232.730263157892
20978,4674.657534246583
43950,7404.382470119528
9399,1586.330935251804
3204,1718.6482084690483
10074,3150.0
23479,11652.675276752763
289,810.6617647058821
34914,11064.873417721516
334,954.5454545454544
1741,2099.9999999999945
64154,12500.000000000004
6425,4979.779411764702
29219,8241.279069767435
6025,2440.1408450704266
25801,6913.636363636363
2989,1134.0
4813,4682.432432432427
12032,5597.107438016524
26009,3086.1486486486497
69644,13378.378378378373
8898,6200.0000000000055
8899,2753.04878048781
8546,4492.077464788736
16808,7919.491525423726
974,870.6030150753763
1441,921.9512195121956
19426,11494.736842105269
12527,6865.384615384617
20362,4964.673913043481
4911,1371.4887640449444
40194,9671.052631578945
19498,11557.984790874516
26281,6672.709923664129
26112,10141.30434782608
30216,9324.38650306749
21908,3374.9999999999955
31313,6370.786516853934
33920,9692.307692307686
42593,11464.664310954067
19308,4580.35714285714
27436,8689.655172413786
32763,7454.999999999994
32371,7481.25
570,1027.1739130434778
14301,4690.000000000003
24102,4230.000000000007
9480,11016.393442622946
607,1596.7741935483923
9509,5209.847036328879
9878,10664.062499999993
26166,9267.857142857149
16552,8835.365853658543
23767,5589.770354906046
679,3614.754098360648
17731,4714.285714285707
13073,3374.999999999995
36980,6579.113924050636
32953,9803.571428571431
6549,2121.060171919768
16650,3634.615384615389
10834,4805.084745762714
1429,2944.256756756758
1490,1240.1574803149613
10226,2583.333333333333
189,811.363636363636
17979,5855.769230769233
29740,5325.539568345329
10105,3596.830985915496
2766,2092.657342657345
49850,11084.288052373153
2743,1796.0526315789436
2360,2415.2151639344243
6356,3801.724137931041
12924,4046.8749999999927
1166,2936.4406779661063
8965,2116.9354838709733
35048,8750.000000000007
1019,1349.9999999999998
23176,11064.873417721516
19047,3566.0377358490623
18489,4406.250000000004
18968,7710.078534031408
748,1110.5769230769229
47720,11467.461340206191
57907,10822.625698324024
15374,8321.044921875
43958,8825.43103448276
7163,5180.921052631585
3130,2625.000000000005
30089,9086.538461538465
438,934.3220338983052
11035,4076.4705882352982
27016,5437.499999999995
33424,9264.70588235294
1411,964.2857142857148
344,1110.5769230769229
1117,1660.0790513833942
21845,11493.243243243249
32661,9676.47058823529
44532,10523.863636363634
7481,5353.096676737163
29218,4112.669245647973
6952,5361.702127659581
22223,10000.000000000002
18125,6875.932835820889
967,2217.5090252707614
34638,7471.15384615384
19100,7415.254237288133
3143,870.9677419354837
3222,1374.1610738255033
7745,9743.64406779661
20498,6242.727272727268
23880,7006.227758007125
12260,7424.999999999992
36372,10057.74456521739
26736,9152.464065708424
3249,1749.999999999998
1466,6056.675062972286
49839,11025.0
1283,1968.75
1792,1879.973474801058
10824,4687.089715536102
48456,8703.947368421046
30080,6671.874999999998
18693,9958.520179372195
5572,8062.500000000001
28767,6643.636363636367
1332,1178.5714285714284
32608,8108.910891089111
23259,5217.909535452317
17044,5857.206405693946
19882,10554.123711340204
31092,10583.333333333334
7583,3761.194029850751
47347,9063.679245283023
8274,2660.4729729729743
9502,3349.13793103449
39212,9187.499999999996
1494,2221.578947368416
9071,4846.153846153851
6584,1804.687499999995
11732,7761.690647482007
16041,9907.258064516129
14395,3238.0239520958016
6818,1601.694915254233
8244,2250.0000000000023
32582,9346.590909090904
2313,1610.7954545454502
1075,787.5000000000001
1710,882.0
28100,11531.25
25393,10805.232558139534
7822,2912.109374999995
7802,4899.999999999998
1563,12250.000000000004
48732,11892.857142857136
30218,8180.23255813953
16401,11018.240343347645
51498,11711.538461538466
13983,6750.000000000007
13252,2496.3976945244926
52669,11557.984790874516
50887,13326.923076923073
23551,8971.874999999998
33235,8999.999999999995
44885,9532.894736842109
16941,7744.061757719717
31424,9666.66666666667
26938,6896.739130434783
25239,5327.2058823529405
1190,1777.7777777777746
3632,2659.0909090909117
41581,11401.119402985069
6157,2498.7980769230744
32624,7840.308370044055
862,926.470588235294
3302,4231.343283582081
3344,2625.000000000005
27586,7378.378378378372
9939,7962.988826815643
3274,2091.796875
20773,12126.106194690268
37175,9409.090909090904
16457,12004.65838509317
33503,7028.5016286645
2928,1141.3043478260868
16446,5123.493975903612
458,1496.7105263157898
32178,6125.000000000002
26318,8555.182341650674
41276,11083.33333333334
13755,3596.4566929133803
23686,11045.45454545454
2547,1719.1011235955132
2887,1601.694915254233
6701,3598.060344827587
34150,8685.43689320389
36451,11812.5
24599,7380.753138075319
30080,9037.974683544298
18225,6999.999999999992
2774,1650.000000000004
42461,9623.076923076924
13689,5461.300309597524
256,884.8314606741577
5362,5776.11940298507
56827,8485.239852398532
597,2281.034482758628
4362,1491.1242603550286
14768,10339.694656488557
1813,1718.6482084690483
18407,4169.117647058821
47630,11399.171270718229
37298,7511.538461538464
5035,2017.415730337072
24185,5606.557377049189
2175,1749.999999999998
18249,5717.934782608703
9479,3923.076923076922
28837,5451.923076923075
21649,5206.06694560669
45280,6039.379474940338
14790,4120.639534883718
10059,6274.900398406373
10928,3634.615384615389
21052,4153.846153846158
15851,9418.734491315136
9217,3681.8181818181856
40123,7419.421487603302
5318,1553.5714285714282
27409,6107.142857142851
32891,10500.000000000004
26719,4791.083916083913
6022,7094.192634560902
13950,6462.635869565222
48023,11502.808988764038
11970,4946.014986376023
6456,3415.6626506024086
1461,984.375
11514,5845.744680851061
33355,5223.618090452254
19135,9485.79545454545
25798,6552.0
16241,4466.417910447764
26795,7266.630901287555
49337,7793.814432989688
14807,2897.540983606564
36029,8113.636363636361
19246,5230.627306273057
3122,1138.5542168674692
28281,7620.967741935477
34097,10582.03125
35792,8677.083333333336
3125,1612.951807228918
41511,11052.631578947365
25845,6204.545454545455
47408,8194.649446494457
18858,5519.230769230764
2111,1771.8750000000002
11973,9146.907216494854
14800,6706.73076923077
7825,2607.6158940397386
10966,5906.25
450,3792.2330097087342
12796,3423.913043478259
44504,10148.195876288668
23310,7532.608695652168
15332,5862.107623318379
27953,7068.897637795271
1900,1575.0
11551,6860.000000000006
2241,1391.1671924290224
17055,8522.260273972604
3365,3185.3932584269664
13839,8665.048543689325
11954,4068.2656826568223
12290,3717.153284671528
13581,8241.847826086949
30958,12268.7165775401
27922,10706.896551724143
10415,2982.954545454539
3251,2451.3618677042887
4711,4707.88043478261
23554,11961.232604373768
17419,4356.382978723404
15566,3032.608695652179
8214,2063.3187772925758
29043,6153.973509933775
3124,1112.5827814569536
8107,2949.6466431095428
14479,4716.101694915262
24187,10179.039301310046
22025,9450.0
18126,2959.394904458607
5836,1136.5979381443292
3110,1371.488764044945
21968,3504.186602870814
14526,4181.415929203543
298,1456.3356164383556
28843,9133.13609467456
26128,6672.709923664129
54223,10675.531914893623
3471,1178.5714285714284
25400,7382.8125
18990,10179.878048780483
22189,10649.999999999996
5246,2069.343065693437
19217,5671.745152354575
343,887.323943661972
19006,3957.831325301208
19073,6385.1351351351295
12166,4697.896749521991
2060,1763.0597014925424
46190,11418.032786885253
29691,5572.481572481575
14716,5855.769230769233
5939,6611.1111111111095
44459,9254.2372881356
25106,8750.000000000007
18531,7859.942638623321
36048,8215.540540540545
40973,9652.689873417716
37210,9583.333333333328
8609,11585.336538461535
32729,11298.91304347826
23881,7819.930069930077
14924,3793.795620437954
9795,4705.792682926829
59475,10763.81909547739
23588,3612.385321100924
2281,992.1259842519688
25953,6402.439024390238
11908,10759.90099009901
2081,1124.9999999999995
35535,9374.999999999996
18749,3551.470588235288
12452,9798.387096774197
47182,9717.223650385607
6480,3937.5
11633,2602.754237288142
954,2222.392638036816
1079,936.4864864864873
9313,3482.412060301508
13046,2982.954545454539
4296,2277.8925619834754
4413,3281.249999999995
24246,7457.386363636371
237,1986.4864864864849
54278,12819.767441860466
5623,3247.881355932208
37457,12554.34782608695
13357,4789.473684210526
18045,5249.9999999999945
4133,2591.7721518987278
21271,8195.12195121952
4772,1490.409207161125
6311,3547.7815699658745
24560,10781.652360515023
19981,6591.666666666674
12570,3150.0
31900,8063.999999999998
14180,7532.608695652168
44700,8891.129032258064
43418,10571.266968325795
16702,3991.735537190085
1864,1361.1111111111104
7218,1719.101123595513
6048,9109.979633401226
44710,8562.080536912745
43023,9856.132075471704
289,1531.7955112219452
21596,6583.601286173631
19526,6556.22009569378
19778,8884.615384615385
37203,10844.26229508196
8958,5670.0
2002,2431.985294117642
27795,10466.129032258064
8595,3862.0689655172464
5211,6584.745762711868
16073,9905.660377358492
15760,6037.499999999995
51862,12124.680306905377
27051,7504.411764705879
11533,3656.896551724138
7095,2250.0000000000023
35709,9271.276595744686
4709,3261.013215859035
1405,1716.824644549765
14787,4541.411042944791
17786,7875.0
37315,10443.669527896996
5331,1834.951456310679
16137,4791.083916083912
41527,11379.581151832468
22817,9107.427055702923
26859,8250.0
21241,3667.80821917808
36252,7812.992125984248
9981,4805.084745762715
25784,8684.579439252331
18023,6902.777777777783
9684,4049.9999999999977
494,926.470588235294
26534,5285.958904109583
17639,7812.992125984249
31879,10560.34482758621
5979,1561.4224137931042
904,976.7441860465118
1812,1742.099322799096
8878,5206.06694560669
18236,6494.1780821917855
28655,9653.22580645162
4202,2090.047393364931
4835,2464.694656488556
916,826.5306122448983
27381,4706.470588235298
52471,8879.821958456978
33105,11918.918918918924
5888,5249.9999999999945
2964,4807.894736842108
15754,3718.032786885249
37431,11003.424657534242
4271,1459.2651757188496
4953,1896.5968586387396
29272,9746.636771300453
1341,1895.833333333328
31755,11133.620689655174
11529,3766.304347826093
13547,2665.384615384611
18075,8694.570135746611
16649,10085.846867749422
15035,7438.554216867469
19946,6822.874493927131
11781,4117.647058823529
17867,8283.031088082897
27284,9847.014925373136
34659,10597.222222222215
1180,1011.4678899082564
28079,5021.739130434784
10590,4056.818181818189
36543,9590.953307392989
30299,7322.368421052624
3532,2745.9919839679424
4232,10999.999999999996
31888,11127.133105802044
14023,3149.9999999999995
10689,3428.5714285714284
12499,5414.062499999999
4786,954.5454545454544
32303,8967.153284671538
14900,3344.5945945945887
7657,7269.230769230777
1293,1245.3488372093032
13919,5954.268292682928
31980,10956.521739130423
3712,1719.101123595513
24852,8842.105263157897
4739,3261.013215859035
1873,1080.324909747293
37391,11025.0
35872,11796.116504854372
53875,11084.288052373153
6594,11130.000000000004
14116,6451.634877384202
16546,6353.260869565212
31422,8083.609271523182
15308,9985.294117647056
6152,2027.2277227722816
63123,12271.875000000007
31262,10243.006993006988
39958,9565.950920245396
18053,11573.2044198895
51551,11812.500000000002
5290,2739.130434782611
14718,4423.031026252981
33987,7411.764705882359
16280,10216.216216216222
3688,8405.048076923076
5656,2281.542056074764
37050,11666.666666666672
39629,9761.718750000004
17981,5401.859504132228
18191,6035.928143712579
6156,3312.9310344827604
5946,2490.6976744186054
26771,7579.971181556204
47501,9903.930131004368
16301,6692.06008583691
3829,945.0
37649,11957.142857142862
29508,8782.25806451613
51357,9794.117647058818
23867,4530.821917808214
18941,8334.854014598543
41820,9905.660377358492
405,1114.6153846153852
1777,1804.687499999995
2335,2323.7704918032728
16407,5879.999999999995
27315,7249.999999999995
3554,3188.650306748461
18619,8941.935483870968
20900,5616.279069767447
42844,8891.129032258064
4758,2733.471074380158
16196,5378.0487804878
25323,8177.884615384612
13607,2855.57432432432
57052,11292.968750000002
19048,5532.352941176476
13276,3452.7027027027
599,2396.7391304347784
8656,11532.051282051276
34645,8459.999999999998
23138,6317.30769230769
7375,2383.531157270025
32938,9584.3023255814
23632,10500.000000000004
11565,3519.886363636356
9942,7082.214765100666
52154,7408.717105263153
8164,10500.000000000004
5986,4243.523316062185
26570,6593.023255813957
7706,1976.0147601475992
15220,10899.653979238748
29543,7998.046875
4935,5017.137096774191
6132,3841.463414634143
44782,8716.7458432304
48165,10728.260869565216
34716,11169.642857142862
5497,1682.0388349514508
3694,2227.0017035775127
20816,8685.43689320389
35362,5674.632352941179
11551,3065.8396946564835
30881,8367.1875
31065,8999.999999999993
2844,1172.8723404255325
30890,8039.062500000005
8447,2660.472972972974
15880,10782.126168224291
26853,8087.83783783783
32929,7290.393013100436
5438,5924.999999999997
1680,1541.4893617021278
23898,10822.36842105264
2483,1581.7307692307622
13222,3499.9999999999964
31560,9593.181818181816
17567,9585.12064343164
22122,11318.319838056672
19747,4129.5731707317145
14752,11490.213523131675
2426,2319.76744186046
