birth,sep,laoding
1.0,100,0.937212462082912
1.0,74,0.969721580701538
2.5,100,1.0713410589696233
